Out of school % Children (Age 6-14) out of school,Word,% Mothers with: No school- ing,PTR  & CTR % Schools complying with: Pupil-teacher ratio,Boundary wall,Std ll children observed sitting with one or more classes,% of villages with the following characteristics Govt. sec. school,Pvt,% Fathers with: No school- ing,Kitchen shed for cooking mid-day meal,Private school % Children (Age 6-14) enrolled in private schools,Story,Std VII: Learning levels % Children who CAN DO DIVISION,Std V: Learning levels % Children who can do division,Para,% of households with the following characteristics Pukka,Library books being used by the children on day of visit,Letter,PTR  & CTR % Schools complying with: Classroom-teacher ratio,% Fathers with: Above Std X,School facilities % Schools that have: Playground,Std III-V : Learning levels % Children (Std III-V) who CAN DO SUBTRACTION or more,Std VI-VIII : Learning levels % Children (Std VI-VIII) who CAN DO DIVISION,Toilet available and useable,Not in school % Girls (Age 11-14) not enrolled in school,% of villages with the following characteristics Primary Health Centre,% Households with at least one member who knows how to operate a computer,% of villages with the following characteristics Post Office,Number of schools visited,Std V: Learning levels % Children who CAN READ ENGLISH SENTENCES,Total-2,Girls’ toilet available and useable,% Mothers with: Std VI-X,Total-1,% Households which have a mobile phone ,% of villages with the following characteristics Bank,% of villages with the following characteristics Electricity,Nothing-1,% of households with the following characteristics Computer usage,% of villages with the following characteristics Govt. prim school,Division,Std III: Learning levels % Children who can read Std II level text,Tuition % Children (Age 6-14) who attend paid tuition classes,Std III-V : Learning levels % Children (Std III-V) who CAN READ Std I level text or more,Std VII: Learning levels % Children who CAN READ ENGLISH SENTENCES,% of villages with the following characteristics Internet cafe,Number 1to9,% Fathers with: Std I-V,School facilities % Schools that have: Office/store/office cum store,Out of School,% Households which have a pucca house,% of households with the following characteristics Electricity,Other,% Mothers with: Std I-V,% of villages with the following characteristics Pukka Road,Nothing,Std III-V : Learning levels % Children (Std III-V) whoCAN READ Level 1 (Std 1 Text) or more,Std III: Learning levels % Children who can do at least subtraction,% of villages with the following characteristics Govt. middle school,Std V: Learning levels % Children who CAN DO at least SUBTRACTION,Std2 Para,"Std V: Learning levels Of those who can read English sentences, % children who CAN TELL MEANINGS of the sentences",% of villages with the following characteristics Private health clinic,% Households which have other reading material* ,Std VIII: Learning levels % Children who can do division,Not in school % Girls (Age 15-16) not enrolled in school,Computer available for children,% Households which have a television,% of households with the following characteristics Cable TV,Std V-VIII : Everyday calculations % Children answering both questions correctly Calendar,Std I-II : Learning levels % Children (Std I-II) who CAN READ letters or more,% Schools  that have: Teaching-Learning Material observed in Std 2 on day of visit,Out of school % Children (Age: 6-14) out of school,Std lV children observed sitting with one or more classes,Tuition % Children (Std IV- VIII) attending paid tuition classes,% of households with the following characteristics Newspaper,% of households with the following characteristics Toilet,Std V-VIII : Everyday calculations % Children answering both questions correctly Menu,% Fathers with: Std VI-X,% of villages with the following characteristics P.D.S,Number 11to99,Std VI-VIII : Learning levels % Children (Std VI-VIII) who CAN READ ENGLISH sentences,% of villages with the following characteristics Private school,% Households with at least one member who completed Std XII** ,% Schools  that have: Teaching-Learning Material observed in Std 4 on day of visit,Anganwadi or balwadi % Children (Age 3-4) in    anganwadi or pre- school,% of households with the following characteristics Mobile,% Households which have motorized two wheeler,% of households with the following characteristics Kutcha,Total enrollment of 60 or less,Table Names,% of households with the following characteristics Electricity today,Std I-II : Learning levels % Children (Std I-II) who CAN RECOG- NIZE NUM- BERS 1 to 9  or more,% Households which have an electric connection ,"Of households with electric connection, % households with electricity avilable on day of visit",% of households with the following characteristics Semi pukka,Std V: Learning levels % Children who can read Std II level text,% of households with the following characteristics Other reading material,% Mothers with: Above Std X,Govt,Drinking water available,% of households with the following characteristics T.V.,% Households which have a toilet,Library books available,% of villages with the following characteristics Aanganwadi/Pre school,"Std I-II : Learning levels % Children (Std I-II) who CAN READ letters, words or more",Std V-VIII : Everyday calculations % Children answering both questions correctly Estimation,Std I-II : Learning levels % Children (Std I-II) who CAN RECOGNIZE numbers (1-9) or more,Subtraction,Std III-V : Learning levels % Children (Std III-V) who CAN DO SUBTR- ACTION or more,% of villages with the following characteristics Solar energy,Total,Computer available and children observed using them on day of visit,Std V-VIII : Everyday calculations % Children answer- ing both questions correctly Area,Mid-day meal served in school on day of visit,"Std VII: Learning levels Of those who can read English sentences, % children who CAN TELL MEANINGS of the sentences",Std VIII: Learning levels % Children who can read Std II level text,Std1 Para
,0.153,39.8,47.5,44.3,67.1,,0.368,33.5,65.1,36.7,,48.4,,,,65.6,0.131,76,14.9,57.4,,,64.3,,,21.5,,380,45.2,1,54.2,34.9,1,77.7,,,0.105,,,0.286,,,,63.9,,0.081,14.2,53.2,0.041,65.8,,0.003,17.6,,0.08,,,,71.5,0.466,67.6,,14.1,,,13.6,82.5,,,,,,56.3,,,,,37.4,,0.303,,,34.2,,,,33.6,,33,Final2014.csv,,,97.6,94.3,,56.3,,7.7,0.587,61.2,,55.3,97.2,,,,,0.25,,,1,5.6,,99.5,75.8,,0.145
,0.232,67.6,69.4,44.9,39.3,,0.232,51.1,57.4,24.5,,39.1,,,,8.2,0.193,68.7,9,61.7,,,35.1,,,17.4,,189,52.3,1,24.5,18.1,1,48.7,,,0.113,,,0.208,,,,67.9,,0.085,13.4,75.6,0.028,9.1,,0.001,11.4,,0.1,,,,74.8,0.287,76.7,,38.4,,,10.2,62.2,,,,,,31.3,,,,,26.5,,0.318,,,23.6,,,,29.9,,38,Final2014.csv,,,91.3,86.3,,44.4,,3,0.739,53.5,,72.3,25,,,,,0.288,,,1,3.2,,57.5,74.6,,0.175
,0.182,35.9,34,24.3,58.9,,0.17,26.5,82.7,17.3,,20.6,,,,23.6,0.164,70.1,15.3,56.3,,,58.7,,,15.5,,597,17.8,1,47,37.7,1,63.3,,,0.148,,,0.132,,,,34.7,,0.212,19.3,52.1,0.048,20.8,,0.018,19.2,,0.12,,,,38.9,0.341,53.4,,21.7,,,2.4,42.3,,,,,,55.4,,,,,38.9,,0.319,,,29.9,,,,22,,36.1,Final2014.csv,,,74.5,82.7,,33.5,,7.2,0.764,65.3,,67.6,45.3,,,,,0.217,,,1,0.7,,61.7,61.8,,0.165
,0.09,62.7,12.7,52.4,63.1,,0.111,35,87.7,12,,52.7,,,,30.5,0.165,60.5,17.3,50.9,,,60.6,,,12.9,,1088,18.7,1,46.2,19.2,1,78,,,0.21,,,0.321,,,,33.9,,0.204,13,77.7,0.055,39.1,,0.015,12.4,,0.143,,,,53.2,0.44,54.5,,28.3,,,5.7,18.3,,,,,,58.2,,,,,34.8,,0.189,,,31.1,,,,16.4,,0.4,Final2014.csv,,,49.8,73.8,,48.1,,5.6,0.818,90.4,,26.5,76.3,,,,,0.142,,,1,0.7,,69.2,53.2,,0.094
,0.09,47.4,53.8,60.8,76.4,,0.174,23.7,92.9,17.8,,22.6,,,,26.2,0.173,68.1,17.8,64.2,,,68.9,,,13.2,,442,10.7,1,53.4,27.2,1,60.9,,,0.11,,,0.185,,,,21.5,,0.24,21.4,82.3,0.038,19.2,,0.001,20.3,,0.084,,,,39.3,0.506,58.6,,21.8,,,0.5,59.2,,,,,,54,,,,,37.1,,0.305,,,30.7,,,,33.7,,33.6,Final2014.csv,,,92.6,87,,52.4,,5.1,0.787,80.3,,26.8,89.5,,,,,0.186,,,1,0,,86.1,60.1,,0.121
,0.126,42.9,69,90.9,48.4,,0.147,18.3,90,13.3,,27.9,,,,38.3,0.131,89.7,20.2,88.1,,,84.8,,,30.4,,720,9.8,1,81.4,32.1,1,73.6,,,0.111,,,0.182,,,,26.7,,0.205,15.4,86.2,0.057,41.2,,0.001,16.8,,0.109,,,,41.7,0.479,54.8,,31.1,,,81.3,69,,,,,,40.5,,,,,46.1,,0.312,,,34.4,,,,47.1,,6.6,Final2014.csv,,,96.1,93.9,,46.6,,8.2,0.795,87,,54.4,92.3,,,,,0.192,,,1,28.5,,94.2,69.8,,0.153
,0.086,33.2,46,91.4,34.4,,0.533,13.3,75.8,54.2,,60.6,,,,36,0.106,70.4,33.2,81.8,,,81.8,,,36.8,,577,50.4,1,79.6,36.6,1,87.9,,,0.073,,,0.453,,,,63.1,,0.115,8.7,84.5,0.027,75.3,,0.003,15.2,,0.057,,,,74.8,0.619,67.5,,22.5,,,11.5,83.9,,,,,,27.4,,,,,44.9,,0.18,,,54.6,,,,55.4,,10,Final2014.csv,,,95.1,78.8,,68.1,,15,0.437,76.2,,85.3,84.2,,,,,0.195,,,1,3.7,,91.7,74.6,,0.116
,0.078,12.9,60.7,66.4,74.1,,0.334,5.7,97.1,35.2,,55.5,,,,40.6,0.102,78.2,34.3,81,,,87.6,,,41.5,,277,53.4,1,86.2,46.5,1,89.9,,,0.038,,,0.42,,,,68.6,,0.088,9.5,79.3,0.007,66.7,,0,15.4,,0.025,,,,76.1,0.671,55.9,,28.9,,,5.5,90.8,,,,,,73,,,,,50.6,,0.242,,,57.1,,,,31.2,,71.3,Final2014.csv,,,99,96.3,,75.2,,25.2,0.659,87.7,,84.1,95.7,,,,,0.226,,,1,3.3,,93.8,70.4,,0.111
,0.188,58.5,89,28.7,66.4,,0.444,28,75.5,48.1,,32.3,,,,28.1,0.149,53,22,48.6,,,58.1,,,27.1,,343,52.2,1,46.7,26.5,1,86.6,,,0.057,,,0.237,,,,71,,0.104,5.2,77.2,0.039,53.9,,0.008,5.7,,0.049,,,,62.9,0.405,61.6,,57.8,,,8.8,60.7,,,,,,60.9,,,,,44.8,,0.312,,,42.4,,,,22.3,,55.9,Final2014.csv,,,93.3,72,,38.7,,9.3,0.509,51.6,,62.5,54.4,,,,,0.299,,,1,2.6,,74.7,65.6,,0.201
,0.16,64,21.9,24.7,76.3,,0.175,37.4,83.9,18,,39.1,,,,60.7,0.177,83.1,10.8,33.3,,,52.9,,,9,,625,14.6,1,48,19.4,1,56.8,,,0.153,,,0.236,,,,30.9,,0.198,14.8,87.7,0.061,18.7,,0.01,13.6,,0.137,,,,44,0.353,60.1,,16.9,,,4,24.8,,,,,,72.3,,,,,37,,0.253,,,21.1,,,,21.2,,15.9,Final2014.csv,,,70.9,67.3,,34.4,,3,0.754,80.2,,9.7,89.7,,,,,0.176,,,1,1.3,,78.6,54.8,,0.157
,0.139,39,70.4,73.7,80.4,,0.262,31.7,93,25.5,,29,,,,54.3,0.135,84.1,16.5,72,,,60.2,,,19,,712,21.2,1,55.1,39,1,78.5,,,0.128,,,0.201,,,,39.3,,0.11,14.7,78.7,0.032,36.1,,0.004,14.1,,0.092,,,,53.7,0.427,78.7,,3.8,,,39.5,77.3,,,,,,39.2,,,,,37.1,,0.357,,,36.5,,,,43.1,,22.3,Final2014.csv,,,95.3,90,,47.2,,7.9,0.702,81.2,,44.9,91.8,,,,,0.239,,,1,15.9,,98.9,73.5,,0.171
,0.141,0.9,96.6,77.7,11.5,,0.624,1.1,98.8,62.2,,52.7,,,,82.2,0.086,89.4,29.9,74.7,,,84.8,,,49.1,,265,68.5,1,80.2,53,1,94.4,,,0.045,,,0.362,,,,80,,0.061,6.8,96.5,0.002,90.4,,0.002,3.4,,0.036,,,,71.3,0.59,81.1,,29.2,,,89.8,92.5,,,,,,9.8,,,,,62.2,,0.317,,,63,,,,53.6,,30.5,Final2014.csv,,,98.7,98.1,,66.8,,42.7,0.371,83,,97.8,94.7,,,,,0.224,,,1,41.1,,74.6,87.1,,0.138
,0.113,58.7,48.6,40.2,77.8,,0.209,31.6,89.8,21.4,,24.1,,,,43.7,0.212,63,13.8,66.3,,,55.1,,,11,,1257,9.6,1,40.3,20.2,1,64.9,,,0.159,,,0.182,,,,18.3,,0.24,17.9,67.1,0.059,22.7,,0.002,18,,0.14,,,,31,0.393,54.5,,22.8,,,4.2,43.9,,,,,,69.3,,,,,36.8,,0.29,,,25.3,,,,33.7,,26.2,Final2014.csv,,,85.2,83.9,,34.1,,3.2,0.731,75.3,,28.5,84,,,,,0.148,,,1,0.9,,88.3,43.9,,0.122
,0.108,24.9,72.7,66.9,45.5,,0.417,14.1,92,36.9,,28.3,,,,36.4,0.119,85.3,26.7,88.3,,,66.3,,,28.5,,875,21.5,1,59.1,46.5,1,80.4,,,0.108,,,0.184,,,,38.9,,0.195,14.6,36.2,0.026,51,,0.001,15.9,,0.084,,,,41,0.52,54.8,,24.5,,,46.3,69.7,,,,,,40.2,,,,,44.6,,0.358,,,43.2,,,,41.2,,21.1,Final2014.csv,,,92.5,89.5,,53.5,,12.7,0.556,70.5,,52.6,82.6,,,,,0.179,,,1,14.7,,94.8,63.3,,0.144
,0.179,26.9,92.6,9.6,33.3,,0.732,12.5,52.8,73.3,,67,,,,2.8,0.204,36.1,29.1,51.4,,,53.1,,,25.2,,179,79.4,1,19.8,42.4,1,75.8,,,0.031,,,0.346,,,,92.8,,0.068,10.1,79.2,0.023,7.1,,0.005,14,,0.024,,,,85.3,0.443,74.1,,47.9,,,16.3,61.7,,,,,,31.3,,,,,48.3,,0.339,,,43.1,,,,27.8,,52.5,Final2014.csv,,,84.9,81.4,,66.6,,16.8,0.239,15.7,,96.5,18,,,,,0.224,,,1,5.1,,34.5,80.1,,0.144
,0.175,37.4,60,9.7,67.5,,0.515,39.4,83.3,51.7,,29.2,,,,22.1,0.165,67.3,9.6,54,,,38.8,,,15.5,,129,59.6,1,16.8,30.6,1,53,,,0.1,,,0.124,,,,78.5,,0.132,19.8,41.2,0.058,15.8,,0.016,26.3,,0.094,,,,60.9,0.356,64.7,,69.8,,,1.6,49.8,,,,,,61,,,,,31.2,,0.404,,,20.2,,,,14.4,,68.6,Final2014.csv,,,88.4,72.2,,58.3,,5.7,0.411,16.5,,76.3,23.6,,,,,0.247,,,1,0.8,,40.7,78.2,,0.205
,0.166,12,83.9,51.1,25.3,,0.395,6.2,94,40,,77.7,,,,6,0.229,77.3,12.6,72.2,,,33.7,,,15.5,,187,52.5,1,28.1,53.8,1,70,,,0.052,,,0.357,,,,79.9,,0.107,21.2,91.7,0.013,5.9,,0,27.6,,0.042,,,,87.4,0.387,59.9,,82.7,,,1.6,80.7,,,,,,25.3,,,,,60,,0.236,,,25.6,,,,27.5,,63.7,Final2014.csv,,,95.5,87.6,,52.1,,6.7,0.592,68.5,,91.9,16.9,,,,,0.259,,,1,0.5,,72,76.1,,0.165
,0.246,30.4,92.1,52.6,17.1,,0.383,21.9,79.2,38.9,,50.6,,,,5.5,0.162,73.9,15.5,43.8,,,68,,,20.3,,255,62.6,1,45,44.7,1,53.8,,,0.044,,,0.237,,,,85.7,,0.116,13.1,81,0.044,12.1,,0.001,17.4,,0.039,,,,80.4,0.34,74.6,,87,,,11.4,55.6,,,,,,17.2,,,,,49.5,,0.32,,,25.9,,,,24.3,,35.2,Final2014.csv,,,96.6,88.3,,41.6,,7.5,0.573,23.4,,94.9,14.6,,,,,0.288,,,1,5.5,,24.1,86.8,,0.208
,0.124,40.5,38.4,48.2,77.6,,0.093,24.6,82.8,8.5,,36.2,,,,65.6,0.143,68.8,14.9,32.4,,,63.2,,,12.8,,824,22.9,1,53.3,35,1,60.4,,,0.08,,,0.244,,,,39.7,,0.18,19,80.4,0.06,28.6,,0,17.8,,0.081,,,,47.3,0.531,55.3,,20.8,,,13.9,45.1,,,,,,67.1,,,,,41.6,,0.28,,,27.7,,,,27.7,,23.7,Final2014.csv,,,79.9,89.1,,51.9,,6.8,0.847,81.4,,21,88.2,,,,,0.215,,,1,5.8,,96.8,61.7,,0.123
,0.101,26.5,64,88.9,47.6,,0.484,18,94.5,49.5,,54.5,,,,39.7,0.121,69.3,24.6,70.6,,,79.2,,,46.8,,496,50.8,1,71.6,41.6,1,87.3,,,0.075,,,0.388,,,,66.7,,0.113,9,78.5,0.024,74.5,,0.001,13.8,,0.041,,,,69.1,0.595,65.9,,18.4,,,8.7,92.9,,,,,,42.3,,,,,48.5,,0.241,,,52.4,,,,71,,25.4,Final2014.csv,,,99.2,94.4,,66.5,,18.1,0.491,81,,90.8,88.7,,,,,0.216,,,1,2.2,,92.7,77.4,,0.108
,0.089,69.7,66.6,84.5,78.3,,0.405,29.1,89.8,42.1,,42.3,,,,38.8,0.154,72.2,18.1,62.6,,,81.5,,,22.6,,903,15.2,1,73.7,14.5,1,85.5,,,0.137,,,0.289,,,,32.6,,0.191,13.8,93.2,0.082,60.1,,0.003,12.6,,0.113,,,,45.9,0.504,50.7,,23.1,,,33.8,51.9,,,,,,65.9,,,,,39,,0.238,,,34.3,,,,43.3,,17.9,Final2014.csv,,,84.8,90.3,,46.7,,3.2,0.51,73.4,,36.8,87.8,,,,,0.169,,,1,8.2,,82.7,56.1,,0.116
,0.208,26.3,91.9,42.7,18.1,,0.3,16.2,97.3,31.3,,55.2,,,,40.8,0.102,78.6,17.7,91.9,,,73,,,43.4,,77,64.4,1,65.2,40.7,1,78.8,,,0.037,,,0.326,,,,87.3,,0.059,25.1,87.7,0.016,48.2,,0,24.1,,0.023,,,,78.2,0.464,81.8,,37,,,42.9,83.2,,,,,,18.8,,,,,41,,0.303,,,39.6,,,,12.2,,26.7,Final2014.csv,,,98.6,95.2,,43.4,,9,0.684,74,,96.9,55.3,,,,,0.288,,,1,24.7,,85.1,92.9,,0.189
,0.161,23.7,58.6,71,69.1,,0.305,17.4,97.5,31.9,,38,,,,52.3,0.1,74,17.8,66.2,,,79.8,,,30.1,,648,33.1,1,68.7,44.4,1,83.1,,,0.091,,,0.269,,,,48.7,,0.089,16.7,58.2,0.018,83.3,,0.001,17.4,,0.054,,,,63.2,0.48,72.3,,8.4,,,62.4,93,,,,,,64.6,,,,,48.2,,0.335,,,37.9,,,,54.5,,35.7,Final2014.csv,,,97.4,93.6,,46.9,,14.4,0.676,79.8,,41.2,86.5,,,,,0.253,,,1,27.1,,99.8,77.5,,0.167
,,56.6,58.5,58.9,57.3,,,40.5,76.1,,,,,,,65.6,,66.7,15.8,76.7,,,64.3,,,19.3,,264,,,54.2,26.9,,84.6,,,,,,,,,,,,,10,87,,48,,,8.7,,,,,,,,,,5.5,,,13.6,74.9,,,,,,46.3,,,,,33.7,,,,,33.2,,,,32.4,,19.7,Final2014.csv,,,96,88.5,,,,7.8,,61.2,,50.2,97.2,,,,,,,,,5.6,,99.6,,,
,0.188,18,81.4,28.2,43.7,,0.098,16.2,97.1,9.1,,38.4,,,,43.8,0.14,47.7,12,75.2,,,58.7,,,17.1,,105,26.6,1,57.1,50.9,1,66.3,,,0.059,,,0.226,,,,58.7,,0.162,25.5,87.6,0.014,6.9,,0.008,25.4,,0.038,,,,58.2,0.436,77.7,,43.3,,,7.8,67.6,,,,,,29.9,,,,,46.4,,0.304,,,24.5,,,,21.4,,21.9,Final2014.csv,,,90.2,96,,45.5,,5.7,0.88,56.2,,85.6,60,,,,,0.271,,,1,3.9,,97.1,67,,0.178
,0.104,62.7,19.9,64.3,62.8,,0.509,27,96,51.7,,37,,,,36.2,0.2,79.8,22.1,78.1,,,54.9,,,19.3,,1971,21.1,1,49.1,18,1,75,,,0.179,,,0.239,,,,34.1,,0.229,11.3,88.3,0.071,55.8,,0.023,11.5,,0.146,,,,46.7,0.414,53.5,,29.3,,,2.2,34.7,,,,,,59.1,,,,,39.6,,0.232,,,42.4,,,,32.7,,9.1,Final2014.csv,,,52.4,63.8,,44.7,,7.8,0.397,85.8,,34.2,74.6,,,,,0.154,,,1,0.3,,93.9,59.7,,0.103
,0.091,34.4,24.6,56.6,80.1,,0.354,12.9,97.3,37.5,,40.3,,,,36.9,0.132,86.1,33.1,68.1,,,69.2,,,30.4,,301,32,1,53.7,32.9,1,76.1,,,0.091,,,0.293,,,,44.1,,0.162,9.1,88.3,0.026,72.6,,0.007,16,,0.075,,,,54.4,0.567,69.3,,26.5,,,8.8,75.8,,,,,,76.9,,,,,45,,0.284,,,52.4,,,,27.8,,76.7,Final2014.csv,,,93.3,89.2,,60.6,,16.7,0.613,69.2,,74.5,85.9,,,,,0.185,,,1,2,,92.3,71.7,,0.119
,0.137,25.1,46.9,48.7,47.2,,0.084,20.4,95.4,8.8,,33.6,,,,43.6,0.14,68.6,12.9,50.7,,,70.8,,,19.3,,456,24.2,1,46.9,40.7,1,71.1,,,0.074,,,0.271,,,,32.2,,0.171,28.3,84.8,0.049,33,,0.025,28.4,,0.068,,,,56.1,0.51,68.6,,26.4,,,2,54.4,,,,,,36.4,,,,,38.5,,0.305,,,29,,,,20.7,,23.3,Final2014.csv,,,90,92.7,,53.2,,5.7,0.842,78.4,,60.9,66.3,,,,,0.185,,,1,1.5,,66.7,71.9,,0.139
,0.12,47.9,49.3,58.8,61.6,,0.307,24.9,88.1,30.8,,37.8,,,,40.7,0.156,72.8,19.2,65.3,,,65.2,,,21.8,,15236,24,1,55.7,28.6,1,75.6,,,0.135,,,0.253,,,,38.8,,0.18,15.1,76.6,0.051,47.3,,0.01,15,,0.107,,,,50.5,0.461,62.2,,23.3,,,19.6,55.8,,,,,,53.3,,,,,40.8,,0.274,,,36.4,,,,34.9,,24,Final2014.csv,,,80.5,86,,48.1,,8.4,0.631,75.6,,45.5,78.1,,,,,0.186,,,1,7,,85.1,66.3,,0.128
,0.1452,49.2,38.9,51,54.8,,0.2461,27.1,82.1,24.3,0.4741,,,0.1605,,37.9,0.1436,76.2,16.1,62,,,47.2,,,11.7,,14240,,1,32.9,26.7,1,64.8,,,0.0767,,,0.3581,,,,,,0.1539,16.8,74.1,0.0515,31.8,,0.0103,18.1,,0.0759,64,,,,,,,15.9,,,15.8,49.5,,50.9,76.6,,3.5,45.9,26.3,,,63.7,39.9,,0.1967,,,,,75.7,,,,17.3,Final_2010.csv,,76.6,70.6,61.3,,,,6,0.6921,72.7,,40.8,62.6,,,46.5,,0.2154,54.9,,1,8.6,38.1,84.6,,,
,0.1491,47.2,60,47.2,63.3,,0.3556,36.8,64.2,36.1,0.5202,,,0.1543,,77.6,0.1298,53.9,14.1,61.2,,,38.6,,,13.8,,374,,1,25.4,27.5,1,72.4,,,0.0467,,,0.3876,,,,,,0.1002,16.9,57,0.0548,61.6,,0.0031,20,,0.0402,69.8,,,,,,,9.2,,,9.3,74.5,,57.8,85.7,,3.3,55.3,18.3,,,66.8,32.2,,0.2333,,,,,81.5,,,,31.5,Final_2010.csv,,88.5,96.9,84.6,,,,5.3,0.5865,64.8,,53.2,92,,,50.9,,0.2388,63.7,,1,6.2,34.1,99.7,,,
,0.217,50,78,24.5,31.7,,0.1658,38.5,64,16.7,0.3288,,,0.1979,,6.3,0.2181,79.8,12.7,58.9,,,25.3,,,9.4,,259,,1,12.2,24.7,1,50.1,,,0.0382,,,0.2832,,,,,,0.1676,18.5,77.7,0.041,9.6,,0.0025,20.9,,0.0327,57.5,,,,,,,26.7,,,14.3,55.8,,45.7,92.1,,2.5,26.9,12.9,,,53,30.3,,0.2449,,,,,40.3,,,,33.9,Final_2010.csv,,93.7,79.3,64.7,,,,4.4,0.7907,53.2,,69,13,,,39,,0.2716,61.7,,1,8,28.1,47.1,,,
,0.1779,41.5,33.6,19.1,43.4,,0.1492,29,80.2,14.5,0.4078,,,0.178,,10.5,0.1496,67.7,13.7,61.5,,,33.1,,,7.3,,519,,1,13.7,35.6,1,59.5,,,0.0866,,,0.2577,,,,,,0.1851,17.7,57.5,0.0672,13.5,,0.0341,17.4,,0.0808,59.2,,,,,,,10.9,,,1.8,34.2,,47.9,75.5,,5,40.8,20.7,,,66.6,39.6,,0.237,,,,,73.9,,,,40.9,Final_2010.csv,,77.1,48.7,45.2,,,,5.6,0.7495,60.9,,47.1,20.8,,,46.2,,0.2395,46.5,,1,0.2,27.6,67.3,,,
,0.1344,59.9,8.8,48.1,57.1,,0.0521,38.3,64,5.2,0.4621,,,0.1392,,28.2,0.1485,48.2,12.6,48.3,,,33.6,,,3.8,,967,,1,18.1,18.9,1,48.1,,,0.1158,,,0.426,,,,,,0.1476,13.7,69,0.0442,22.7,,0.0151,18.1,,0.1162,63.8,,,,,,,12,,,6.9,18.3,,63.9,68.5,,3.5,48.3,55.8,,,73.7,35.4,,0.1396,,,,,79.6,,,,0.2,Final_2010.csv,,68.2,38.2,23.5,,,,3.1,0.8885,78.7,,22.1,52.9,,,55.8,,0.1706,63.1,,1,4,54.9,57.2,,,
,0.1466,52.2,39.6,48.8,64.9,,0.1063,29.5,86.1,10.1,0.5041,,,0.1642,,36.5,0.1505,64.2,15.1,45,,,29.6,,,4.4,,425,,1,20,22.9,1,41.2,,,0.0347,,,0.377,,,,,,0.1752,23.6,79,0.0344,10.7,,0.005,22,,0.0354,69.6,,,,,,,9.3,,,4.1,44.1,,47.2,87.6,,1.9,51.1,2.8,,,64,31.8,,0.1904,,,,,88.9,,,,16.1,Final_2010.csv,,87.4,82.4,81.2,,,,3,0.8543,77.6,,24.7,72.9,,,47.5,,0.222,57.1,,1,1.7,28.6,94.6,,,
,0.1569,44.7,62.7,84.4,36.5,,0.122,19.9,88.3,10.7,0.4505,,,0.2069,,48.5,0.1342,84.2,17,75.5,,,64.8,,,16.4,,623,,1,49.9,30.4,1,65.1,,,0.0515,,,0.2731,,,,,,0.1658,17.8,80.2,0.062,34.6,,0.0048,19,,0.0598,63,,,,,,,17.6,,,52.2,53.1,,53.4,81.6,,4,33,13,,,67.6,45.3,,0.2306,,,,,88.4,,,,4.6,Final_2010.csv,,79.6,93.7,90,,,,5.9,0.8112,79.4,,44.9,83.8,,,49.3,,0.2706,46.6,,1,27.9,33,96.2,,,
,0.1294,40.3,40.3,82.7,32.5,,0.4182,17,51,41.8,0.5752,,,0.1314,,31.6,0.121,75.1,26.1,79.7,,,67.9,,,20.6,,528,,1,52.8,32.8,1,82.5,,,0.043,,,0.5179,,,,,,0.1237,10.7,85.8,0.0178,58.4,,0.0086,18,,0.0401,72.4,,,,,,,24.3,,,17.4,74.9,,59.5,88,,1.1,29.7,16.4,,,71.3,46.2,,0.1493,,,,,78.7,,,,6.5,Final_2010.csv,,88.8,90.4,63.4,,,,8.9,0.5555,74.6,,75.3,64.6,,,52.4,,0.1691,69.3,,1,6.9,46.1,93.7,,,
,0.1038,16.6,60.6,37.9,58.3,,0.2509,5,82.5,25.3,0.6474,,,0.1287,,41.3,0.0997,76.7,29.1,75.6,,,56,,,20.7,,261,,1,38.7,46,1,90.4,,,0.0204,,,0.5408,,,,,,0.0911,11.9,75.9,0.008,50.5,,0.0026,20.2,,0.0181,81.6,,,,,,,24.6,,,6.7,87.6,,55.9,92.1,,0.3,52.4,9.9,,,67.4,54,,0.1444,,,,,92.2,,,,48.6,Final_2010.csv,,92.6,99.1,96,,,,17.3,0.7385,83.2,,77.3,80.3,,,49.8,,0.2054,77.5,,1,3.2,36.8,98,,,
,,,,,,,,,,,,,,,,,,,,,,,,,,,,,,,,,,,,,,,,,,,,,,,,,,,,,,,,,,,,,,,,,,,,,,,,,,,,,,,,,,,,,,,,,,Final_2010.csv,,,,,,,,,,,,,,,,,,,,,,,,,,,
,0.1595,63.1,11.2,27,66.1,,0.0948,38.3,73.5,8.8,0.4302,,,0.155,,28.4,0.1581,81.2,9.1,37.9,,,26.8,,,4.2,,547,,1,20.9,16.7,1,36.2,,,0.0971,,,0.3794,,,,,,0.1737,17,84.9,0.0507,13.4,,0.0215,18.2,,0.0926,58.9,,,,,,,10.2,,,7,25.5,,56.5,71.5,,3.8,60.7,33.8,,,66.4,35.6,,0.1749,,,,,79.9,,,,7.7,Final_2010.csv,,72.6,56.4,42.8,,,,1.9,0.833,73.8,,15,61.6,,,48.5,,0.1793,53.8,,1,4.1,46.6,92.6,,,
,0.1755,41.6,69.4,59.3,75.6,,0.2121,36.1,92.9,20,0.4319,,,0.189,,64.8,0.1449,82.8,14.1,66,,,38.4,,,12.9,,769,,1,31.8,34.7,1,73.5,,,0.0586,,,0.2426,,,,,,0.1329,15.1,72.1,0.0478,34.8,,0.0042,17.5,,0.059,59.6,,,,,,,3.7,,,29.4,64.5,,46.7,85.6,,3.1,37,8.7,,,57.9,34.7,,0.304,,,,,93.2,,,,17.8,Final_2010.csv,,85.2,94.3,75.7,,,,6.1,0.7359,75.8,,35,92.4,,,39.7,,0.2615,44.5,,1,13.4,26.8,96,,,
,0.0904,1,89.2,81.8,7.1,,0.5409,0.4,98.1,54.2,0.7014,,,0.1326,,62.4,0.0681,80.3,21.3,76.3,,,58.2,,,59.2,,275,,1,43.9,61.2,1,84.9,,,0.0075,,,0.534,,,,,,0.0441,10.1,88.4,0.0018,57.2,,0.0037,5.3,,0.0079,86.9,,,,,,,24.7,,,82.8,87.3,,82,98.2,,0.1,5.4,42.6,,,81.4,68.2,,0.1634,,,,,90.7,,,,19.9,Final_2010.csv,,98.1,96.9,95.1,,,,32.5,0.4536,85.7,,96,83.1,,,78.7,,0.2506,79.2,,1,66.7,67.3,100,,,
,0.1616,53.6,19.4,37.3,66.9,,0.1597,28.4,89.9,,0.488,,,0.1711,,29.1,0.1374,81.4,15.9,61.1,,,50.3,,,4.6,,1219,,1,28.9,19.4,1,62.7,,,0.042,,,0.3993,,,,,,0.1559,19.5,69.5,0.0327,15.2,,0.0055,23.6,,0.0437,,,,,,,,19.7,,,7.5,45.6,,,,,,57.4,,,,,36.2,,0.195,,,,,,,,,10.4,Final_2010.csv,,,77.7,42.3,,,,3.3,0.8021,78.5,,32.4,56.3,,,,,0.2062,,,1,1.7,,94.7,,,
,0.1229,27.9,58.9,57.5,40.3,,0.3318,14.8,78.2,26.4,0.589,,,0.1822,,66.5,0.0895,87.6,23.4,84.7,,,53,,,15.7,,902,,1,43.2,43.4,1,67.5,,,0.0164,,,0.3958,,,,,,0.1311,16.7,34.3,0.0214,38.9,,0.0026,18.7,,0.0189,85.5,,,,,,,22.2,,,33.3,60.6,,61.6,94.8,,1.1,36.3,9.9,,,73.4,45.1,,0.1918,,,,,93.4,,,,16.7,Final_2010.csv,,93.9,88.5,76.8,,,,10,0.6442,69,,48.7,86.1,,,51.1,,0.2624,67.6,,1,19.8,37.3,90.7,,,
,0.1753,19.2,74.3,11.3,37.7,,0.6538,10.7,58.4,66.1,0.4881,,,0.1873,,5.9,0.1303,62.5,35.8,71.8,,,40.2,,,20.3,,125,,1,8.4,49.8,1,77,,,0.0189,,,0.3763,,,,,,0.1005,5.6,67.5,0.0317,9.8,,0.0009,13.4,,0.0186,72.4,,,,,,,31.2,,,8.5,68.7,,61.3,95.4,,1.8,32.1,42.5,,,60.2,48,,0.2367,,,,,62.1,,,,35.3,Final_2010.csv,,95.7,90.4,47.9,,,,17.7,0.3135,5.1,,86,9.2,,,61.8,,0.2679,69.1,,1,2.5,33.8,47.8,,,
,0.1756,39.8,54.3,14.2,64,,0.4684,42,60.6,46.8,0.3788,,,0.1796,,15.6,0.1956,84.2,10.9,45.8,,,24.5,,,9.7,,110,,1,14.8,27.4,1,55.6,,,0.0704,,,0.2712,,,,,,0.1617,17.8,34.6,0.0943,13.4,,0.015,26.7,,0.0743,76.5,,,,,,,45.1,,,2.8,47.6,,57.6,91.3,,7.2,60.4,16.1,,,70.2,29.3,,0.269,,,,,46.7,,,,71,Final_2010.csv,,89,77.2,67.7,,,,6.1,0.4223,23.9,,63.3,22,,,51.1,,0.2238,63.8,,1,0.9,41.7,51.9,,,
,0.1633,17.9,89.1,37.7,28,,0.1279,13.8,96.2,13,0.4875,,,0.2491,,1.7,0.0836,57.6,21.1,39,,,55.6,,,16.1,,174,,1,30.8,47.3,1,67.6,,,0.0165,,,0.4278,,,,,,0.0839,15.9,78.5,0.0493,6.7,,0.0009,21.4,,0.0214,89.2,,,,,,,62.3,,,7.7,53.5,,65.5,95.2,,2.2,25.8,5.6,,,84.1,49.2,,0.1908,,,,,66.4,,,,39.8,Final_2010.csv,,93.7,91.3,78.7,,,,13.4,0.8219,48.5,,63.5,6.4,,,44.7,,0.2761,84.3,,1,5.9,34.4,94,,,
,0.2372,17.5,91.9,42.8,19,,0.3604,12.6,81.7,36.1,0.3751,,,0.2318,,9.2,0.137,78.6,17.8,64.2,,,53.9,,,18.4,,223,,1,30.6,51.4,1,63.9,,,0.0189,,,0.2921,,,,,,0.1095,15.8,83.8,0.0349,11,,0.0004,22.5,,0.0172,69.4,,,,,,,53.6,,,14.8,49.6,,43,97.9,,2.2,17.9,17.9,,,63.6,53.8,,0.2962,,,,,52.8,,,,45.8,Final_2010.csv,,98.1,97.1,82.4,,,,8.7,0.6043,37,,76.3,13.3,,,47.6,,0.285,65.3,,1,3.7,14,31.9,,,
,0.1495,44.3,22.5,40.8,72.8,,0.0626,23.9,74.4,5.4,0.4707,,,0.1717,,46.8,0.1387,74,12.7,44.4,,,44.4,,,7.2,,741,,1,34.7,28.4,1,44,,,0.0694,,,0.3536,,,,,,0.1503,24,74.7,0.0721,21.7,,0.0028,22.9,,0.0801,61.4,,,,,,,19.1,,,7.1,35,,50,76.1,,4.5,62.1,52.5,,,63.2,39.4,,0.1897,,,,,85.2,,,,21.4,Final_2010.csv,,71.9,57,53.7,,,,4.4,0.8626,70.3,,22.7,65.3,,,36.5,,0.2264,52.1,,1,4.4,30.7,88.8,,,
,0.1373,32.8,34.9,82.8,52.2,,0.3792,21,94.7,38,0.5287,,,0.1387,,66,0.1461,76.9,18.8,69.3,,,61.2,,,23.1,,449,,1,49.4,37.6,1,82.8,,,0.0492,,,0.5051,,,,,,0.1216,12.3,78.5,0.026,53.1,,0.0008,18.7,,0.0422,73.8,,,,,,,20.4,,,10.7,87,,64.7,87.7,,1.7,37.5,17.2,,,74.4,47.9,,0.1396,,,,,82.1,,,,17.2,Final_2010.csv,,88.4,96,93.3,,,,10.9,0.5939,83.1,,81.2,96,,,51.2,,0.1915,78.8,,1,5.2,44.5,97.9,,,
,0.1423,68.9,46.4,70.1,66.2,,0.3276,30.1,83.8,33.4,0.4795,,,0.1408,,23.3,0.151,82,15.1,51.7,,,65.4,,,9.4,,896,,1,50.3,12.9,1,77.5,,,0.0865,,,0.378,,,,,,0.1655,17,91.2,0.0796,49,,0.0039,15.7,,0.0839,57.4,,,,,,,19.2,,,15.7,46.3,,49.6,70,,5.8,52.9,8.5,,,64.9,37.8,,0.1816,,,,,61.8,,,,13,Final_2010.csv,,70.8,74.2,61.4,,,,2.5,0.5889,68,,35.7,63.7,,,40.3,,0.191,49.5,,1,5.3,35.8,94.8,,,
,0.1959,31.6,93.4,14.5,9,,0.2084,21.7,95.7,21.9,0.4451,,,0.2486,,26.5,0.0981,61.3,13.4,79.7,,,59.4,,,30.2,,69,,1,37.5,37.3,1,83.3,,,0.0122,,,0.3975,,,,,,0.0835,22.5,92.7,0.0356,28.5,,0.0014,25.3,,0.0127,76.4,,,,,,,23,,,39.1,75.5,,53.6,96.6,,1.9,9.2,26.9,,,71.3,42.4,,0.232,,,,,77.4,,,,23.2,Final_2010.csv,,97.5,98.1,91.2,,,,5.8,0.7546,76.8,,94.7,44.1,,,40.4,,0.2743,72.8,,1,24.6,28.4,98.6,,,
,0.169,28.6,47,60.7,79.3,,0.2485,22,96.7,25.1,0.4284,,,0.2087,,57.8,0.099,75.2,14.2,68.7,,,44.6,,,14.3,,662,,1,35.1,39.7,1,77.7,,,0.095,,,0.2975,,,,,,0.0934,19.5,54.8,0.0235,61.6,,0.0025,22.4,,0.0826,52.5,,,,,,,6.7,,,47,93,,44.9,63,,1,74.4,19.5,,,64.3,44.3,,0.2376,,,,,91.5,,,,24.4,Final_2010.csv,,67.5,96.9,92.1,,,,9.3,0.7256,80.5,,33.2,79.1,,,44.1,,0.2889,43.2,,1,29.4,33.7,99.4,,,
,0.1615,27.8,68.5,19.4,40,,0.0407,20.5,88.2,2.8,0.4177,,,0.2781,,19.8,0.1173,60,13.5,89.5,,,43,,,5.8,,98,,1,30.3,41.6,1,60.8,,,0.0254,,,0.3652,,,,,,0.1216,23.5,89.6,0.0302,2.4,,0.0032,24.6,,0.0213,70,,,,,,,16.7,,,8.5,62.1,,39.8,95.3,,1.8,21.5,77.2,,,46.4,42.5,,0.2009,,,,,95.8,,,,9.4,Final_2010.csv,,95.4,82.8,80.6,,,,6.1,0.9259,40,,88,35.4,,,45.1,,0.2909,65.3,,1,5.3,21.1,74.7,,,
,0.1445,66.7,16.1,44.4,51,,0.4006,30.7,89.3,39.3,0.3846,,,0.139,,22.9,0.1959,81.6,17.9,60.8,,,47.4,,,5.6,,1896,,1,33.9,15.3,1,69.7,,,0.1359,,,0.259,,,,,,0.2221,14,88.6,0.0721,18.5,,0.0166,14,,0.135,52.7,,,,,,,18.2,,,1.4,30.4,,33,67.3,,5.2,45.9,11.4,,,50.2,37.4,,0.204,,,,,44.9,,,,4.6,Final_2010.csv,,66.6,41.5,30.7,,,,3.9,0.5107,82.2,,25.9,48.7,,,37.8,,0.1798,40.2,,1,0.3,31.8,71.3,,,
,0.1238,39.1,13.7,66.8,61.9,,0.2826,11,96.3,29,0.5528,,,0.1261,,20.4,0.1339,87.4,31.1,67,,,53.4,,,15.4,,337,,1,24,29.8,1,76.7,,,0.0635,,,0.4775,,,,,,0.1481,12.4,87.7,0.0275,63.3,,0.0118,20.4,,0.067,71,,,,,,,19.7,,,6.7,71.3,,61.8,80.5,,1.7,56.8,12.9,,,71.8,45.6,,0.1522,,,,,80.2,,,,69,Final_2010.csv,,78.8,90.6,82.4,,,,10.7,0.6781,68.3,,67.9,47.7,,,54.7,,0.1552,62.9,,1,1.5,50.3,95,,,
,0.1404,40.3,26.2,34.5,42.5,,0.0571,29.1,86.3,5.9,0.4861,,,0.1806,,31.8,0.1437,64.8,10,42.1,,,52.1,,,9.4,,408,,1,23.7,32.4,1,54.9,,,0.0491,,,0.3807,,,,,,0.1499,24.7,79,0.077,21.1,,0.0226,23.9,,0.0477,68.5,,,,,,,16.7,,,1.3,39.1,,39.3,86.6,,4.6,33.9,76,,,49.1,36.2,,0.1897,,,,,90.1,,,,10.1,Final_2010.csv,,86.8,60.5,57.9,,,,3.5,0.8434,67.2,,56.1,49.5,,,36.9,,0.232,60.4,,1,0.5,22.9,63.4,,,
,,61.3,64.2,61.2,57.1,,,41,71,,,,,,,77.6,,52.6,14.1,83.9,,,38.6,,,10.2,,258,,,25.4,22.3,,76.4,,,,,,,,,,,,,11.8,75.1,,45.4,,,12.1,,,,,,,,,,4.3,,,9.3,71,,,,,,48.3,,,,,33.1,,,,,,,,,,,17.2,Final_2010.csv,,,96.9,85.4,,,,4.4,,64.8,,53.9,92,,,,,,,,,6.2,,98.4,,,
3.5,0.129,50.4,42.8,54.7,,20.1,0.287,26.2,84.4,28.3,0.45,,,0.134,39,,0.172,73.7,17,61.1,40.7,40.6,56.5,,43.9,13.6,44.5,14591,,1,48.2,27.1,1,66.1,24.8,95.3,0.116,13.7,96,0.265,,23.3,54.1,,14.9,0.192,16.3,73.5,0.054,38.1,76.4,0.012,15.6,76.4,0.096,,,57,,,,31.2,20.5,,,,50.9,50.3,,,,,,,10.6,41,,40.5,70.2,0.245,38.8,41.7,,,,66.6,28.6,31.5,,Final_2012.csv,67.4,,75.4,78.6,29.6,,20,6.9,0.648,73,52.1,40.3,,92.1,67.5,,71.4,0.201,,32.4,1,,,,,,
2.6,0.153,43.1,56.4,49.9,,17.6,0.372,34.9,62.8,36.5,0.506,,,0.132,56.1,74.4,0.141,61.1,15.5,67.7,66.8,58.7,47.7,,50.5,13.9,71.3,649,,1,38.2,32,1,74.8,34,99.5,0.069,14.6,99.1,0.373,,15,66.1,,20,0.099,14.9,61.6,0.045,59.3,97,0.005,18.3,85.2,0.038,,,41.6,,,,56.5,8.1,,,4.3,78.4,72.1,,,89.4,,,,9.4,53.7,,34.7,91.8,0.238,67.9,39.2,,89.2,,78,28.7,13.1,27.2,Final_2012.csv,73.8,,96.8,76.3,30.8,,9,6.6,0.578,66.3,78.1,52.8,20.3,97.9,83.9,,88.9,0.252,,8.4,1,6,,,,,
2.7,0.197,45.3,77.1,40.4,,22.2,0.203,36.7,53.7,21.7,0.455,,,0.17,11.9,3.6,0.133,74.6,17.5,58.5,68.7,68.1,40.3,,33.8,16.2,22.7,139,,1,26.9,32.7,1,33.6,10.9,80,0.045,16.2,80.9,0.411,,21.1,61.6,,10.8,0.075,11.4,80,0.04,11.7,81,0.003,12.6,60.3,0.041,,,50,,,,13.4,34,,,7.3,61.2,46,,,43.6,,,,8.8,69.5,,34.4,46.5,0.215,80.6,31.1,,36.6,,32.8,39.4,58.8,31.2,Final_2012.csv,68.5,,80.2,82.3,29.3,,33.1,9.4,0.754,46,61.2,69.8,13.8,75.4,86.6,,88.6,0.257,,31.1,1,6.5,,,,,
4.4,0.172,37.6,35.2,27.8,,14.1,0.162,25.7,84.1,16,0.365,,,0.154,15.8,21,0.194,64.4,14.2,59.3,33.3,23.7,52.8,,38,9.9,29.8,492,,1,40.4,37.5,1,57.1,8.9,89.1,0.115,9.9,91,0.159,,16.9,46.9,,7.9,0.236,19.5,49.3,0.062,15.8,65.6,0.043,18.3,50.4,0.095,,,35,,,,12.9,14.5,,,2,39.1,33.7,,,78.6,,,,6.6,58.9,,40.6,75.7,0.264,37.9,32.4,,76,,57.1,16.3,60.4,33.7,Final_2012.csv,59.3,,65.6,83.7,23.8,,14.4,6.6,0.732,65.4,39.1,59,18.6,92.1,71,,75.6,0.246,,12.7,1,0.8,,,,,
3.7,0.124,64.9,8.5,47.9,,14.8,0.063,36.6,74.1,6.4,0.391,,,0.119,27.6,45.3,0.191,56.7,14,43.1,43.4,56,51.2,,33.6,5.4,40.5,1057,,1,42,17.9,1,61.2,20.7,83.2,0.174,5.4,97.8,0.303,,50.2,47.8,,12.1,0.202,14,69,0.051,27.6,39.9,0.017,13.1,68.8,0.143,,,75.1,,,,30.8,19.9,,,4.8,13.8,9.8,,,69.4,,,,5.1,20.2,,35.3,65,0.181,35.8,31.3,,67,,61.2,13.5,42.3,0.4,Final_2012.csv,28.6,,39.9,55.2,30.2,,19.9,4,0.869,85.4,13.8,20.1,29.3,88.3,55.9,,61.7,0.171,,75.6,1,1.4,,,,,
2.6,0.112,51.6,48.3,50.5,,14.1,0.131,24.3,89,13.5,0.475,,,0.13,14.1,32.9,0.201,70.2,15.1,49.2,26.8,24.7,51.4,,41.2,6.1,29,430,,1,41.6,23.6,1,40.4,16.7,96.9,0.082,6.1,98.6,0.174,,2.8,53.6,,14.6,0.252,24.5,80.9,0.051,14.1,87.4,0.001,21.3,78,0.071,,,35.7,,,,26.8,16.7,,,2.8,51.6,42.7,,,89.7,,,,6.8,24.2,,36.1,71.9,0.297,22.5,28.7,,83.4,,40.4,24.6,66.7,29.3,Final_2012.csv,86.7,,87.4,93.4,19.2,,16.7,3.5,0.817,79.2,51.6,24.2,55.4,99.1,73,,75.3,0.206,,12,1,0,,,,,
3.1,0.14,43.5,55.3,87.4,,23.3,0.134,18.7,88.7,11.8,0.478,,,0.17,35.3,41.4,0.139,74.7,17.6,79.7,32.6,30,70,,48,25.1,65.1,692,,1,65.8,31.8,1,62.1,30.7,99.3,0.073,25.1,99.5,0.204,,12.6,59,,15.2,0.206,17.7,79,0.054,35.3,94.1,0.003,18.3,86.3,0.081,,,89.5,,,,41.2,21.4,,,47.7,61.2,49.4,,,96.1,,,,14.1,46.9,,46,76.5,0.271,23.5,24.2,,95.9,,62.1,40.4,28.4,5.5,Final_2012.csv,84.5,,94.1,88.6,36.3,,21.4,6.4,0.81,82.3,61.1,46.9,44.3,95.6,73.1,,71.7,0.238,,30.4,1,38.7,,,,,
1.5,0.107,39.5,40.3,88.9,,47.2,0.49,16.6,68.3,49.2,0.553,,,0.122,68.1,38.7,0.142,76.7,27.8,82.3,58.8,56.9,73.5,,58.4,28.9,56.6,513,,1,70.8,34.3,1,85.8,38.4,99.5,0.076,29,98.5,0.396,,13.4,67,,18.6,0.148,10.1,84,0.023,68.3,93.2,0.005,15.8,94.2,0.053,,,72,,,,49.1,25.4,,,14.2,77.9,68.7,,,71.6,,,,15.6,76.7,,45.5,82.3,0.203,58.2,65.5,,67.9,,85.6,47.7,6.1,9.2,Final_2012.csv,72,,93.2,75.3,25.9,,25.4,10.4,0.482,75.7,78,76.6,45.8,97.9,79.6,,84.8,0.2,,28.9,1,5.9,,,,,
1,0.09,19.3,68,49.4,,9.8,0.289,7.2,94.5,28.9,0.625,,,0.131,61.5,43.2,0.118,78.4,30.3,74.3,64.8,64.5,74.2,,43.6,32.1,42.3,239,,1,70.4,44.7,1,85.1,21.7,100,0.035,32.1,83.7,0.446,,7.6,79,,16.3,0.1,11.7,74.8,0.013,61.4,97.9,0,16.3,52.3,0.02,,,22,,,,21.1,33.2,,,2.1,85.8,60.7,,,89.9,,,,15.6,81.3,,50.8,50,0.214,72,26.5,,88.6,,85.1,26.7,17.2,68.5,Final_2012.csv,97.5,,97.9,98.5,21.3,,33.2,19.7,0.698,83.4,85.9,81.1,53.4,87.1,89.6,,94,0.22,,31.4,1,3.4,,,,,
2.3,0.165,60.6,84.2,26.7,,40.2,0.41,29.3,73.8,43.7,0.401,,,0.209,49.2,23.8,0.181,50,19.2,48.2,48.7,31.4,49,,67.8,21.1,35.1,387,,1,30.6,24.5,1,82.6,23.4,95.1,0.045,21.3,99.1,0.213,,15.8,59.6,,14.6,0.13,6.9,79.5,0.036,49,90.3,0.026,7.4,61.1,0.038,,,89,,,,30.9,65.5,,,7.6,59.6,41.7,,,76.2,,,,14.7,49.6,,44.7,75.8,0.335,64.2,65.5,,72.6,,82.6,20.8,26.6,51.4,Final_2012.csv,64.5,,90.4,69.1,24.2,,65.3,7.6,0.528,50.5,59.8,49.4,26.1,95.3,89.5,,91.1,0.284,,43.7,1,3.9,,,,,
4.4,0.144,64.3,15,21.6,,11.2,0.157,34.6,77,15.5,0.381,,,0.129,16.8,45.1,0.215,76.9,10.8,37.5,36.2,46.8,37,,26,5.8,24,438,,1,32,18.8,1,51.3,11.9,88.1,0.131,5.8,96.6,0.274,,31.5,44.8,,5.8,0.221,17,85,0.058,16.7,65.5,0.016,14,62.1,0.116,,,66.2,,,,20.4,17,,,3.5,21.7,17.9,,,76.2,,,,7.3,10.6,,37.6,64.3,0.219,36.6,24.9,,73.5,,51.3,17.5,66.1,12.6,Final_2012.csv,44.4,,65.5,62.2,17.1,,17,2.9,0.768,78.1,21.7,10.6,33.9,88.7,66.1,,68.3,0.17,,33.7,1,0.9,,,,,
1.9,0.162,39.4,66.9,70.2,,29.4,0.227,31,94.1,21.9,0.477,,,0.157,35.9,55.3,0.147,83.2,16.3,73.1,48.6,39.9,59.5,,37.6,15.2,61.1,756,,1,54,38.6,1,65.4,36.4,99,0.057,15.2,98,0.254,,11.6,59.3,,16.5,0.119,15.6,76.2,0.033,35.9,93.7,0.003,15.3,87.9,0.056,,,82.8,,,,32.9,4.7,,,22.8,71,67.6,,,96.4,,,,7.9,38.5,,37,75.8,0.286,40.9,39.2,,89.7,,65.4,35.2,16.1,21.4,Final_2012.csv,70.3,,93.7,74,48,,4.7,6.8,0.738,81.3,71,38.6,38.9,98.3,82.8,,81.9,0.286,,48,1,13.6,,,,,
0.2,0.134,1.4,92,72.9,,63.8,0.588,1.3,95.6,59.6,0.615,,,0.152,78.4,93.9,0.083,89.5,26,66.5,67.9,64.2,75.7,,96.4,34.2,99.7,347,,1,73.5,57.5,1,91.6,97,99.7,0.016,34.2,94.8,0.487,,30.7,78.3,,91.8,0.073,8.8,91.3,0.003,78.3,97.2,0.002,5,97.3,0.017,,,82.7,,,,91.6,23.1,,,19.1,92,87.1,,,97.3,,,,54.7,97,,64,99.4,0.204,78.5,96.3,,95.5,,91.6,43.8,2.1,26.9,Final_2012.csv,95.5,,97.2,97.4,19.6,,23.1,36.1,0.406,85.1,92,97,1.7,99.4,96.3,,96.4,0.218,,30.8,1,73.3,,,,,
3.1,0.14,60,32.9,37.8,,20.5,0.182,30.3,88,18.2,0.392,,,0.13,17.1,39.3,0.224,68.9,13.8,56.6,23.1,27.2,46.7,,34.2,3.9,35,1211,,1,34.4,18.1,1,45.1,17.9,93.5,0.114,3.9,99.2,0.196,,9.4,39.3,,11.4,0.247,19.4,67.2,0.051,17.1,74.2,0.01,18.9,72.6,0.117,,,62.3,,,,28.6,15.3,,,5.1,35.9,23.1,,,83,,,,4.5,22.8,,36.6,59.5,0.266,18.5,35.7,,82.2,,45.1,26.8,61.6,18.7,Final_2012.csv,51.1,,74.2,64.7,21.4,,15.3,3,0.757,70.5,35.9,22.8,31.7,94.8,65,,63.5,0.174,,12.5,1,2.2,,,,,
1.5,0.118,26.6,63.2,52.8,,11,0.406,14,70.8,35.4,0.543,,,0.142,38.7,53.1,0.115,83.4,24.6,84,38.6,37.3,57.3,,51.4,15.6,51.8,823,,1,53.1,44.4,1,66.1,30.3,99.4,0.082,15.6,98.6,0.237,,10.5,71.1,,22.3,0.192,17.1,27,0.024,38.7,89.8,0.002,17.6,85.3,0.075,,,58.8,,,,49.6,23,,,26.3,64.6,52.9,,,95.9,,,,13,47,,44.3,87,0.298,40.2,47.8,,95.5,,66.1,34.4,22.7,20.9,Final_2012.csv,76.8,,89.9,82.8,38.6,,23,11.4,0.567,69.6,64.6,47,33.2,96.8,77.4,,79.8,0.198,,55.9,1,16.9,,,,,
1.5,0.182,31,86.3,6.8,,23.8,0.669,16.5,53.7,67.3,0.444,,,0.147,7.3,2.8,0.197,41,29.1,50,62.4,67.2,41.1,,37.3,19.7,18.4,185,,1,23.1,42.7,1,63.7,4.5,88.7,0.03,19.7,85.2,0.332,,40.6,63.1,,12.4,0.094,7.9,66.1,0.024,7.3,84.6,0.005,11,59.8,0.025,,,40.9,,,,8.3,39.2,,,4.4,55.8,27.9,,,37,,,,22.9,90.1,,46.6,8.3,0.313,81,51.2,,33.1,,63.5,26.3,48,48.1,Final_2012.csv,54.1,,84.6,60.1,44.7,,39.3,15.3,0.303,7.2,55.6,90.1,8.8,79.4,96,,96.4,0.235,,70.5,1,6,,,,,
5.3,0.195,40.8,65.4,12.7,,6,0.468,41.5,68.2,47.9,0.383,,,0.171,13.5,15.2,0.178,72.7,9.1,37.1,45,41.3,30.9,,32,9.1,23.2,129,,1,19.3,26.1,1,47.4,15.8,90.6,0.072,9.2,85.8,0.148,,14.3,67.3,,12.9,0.171,21,41.6,0.073,13.4,73.4,0.018,27.9,50,0.075,,,23.5,,,,12.4,58.5,,,0,43.4,34.2,,,47.2,,,,13.8,59.3,,28.4,59.8,0.358,78.7,52.1,,41.5,,47.6,11.4,51.4,65.1,Final_2012.csv,65.9,,73.9,85.3,35.1,,58.4,5.2,0.441,13.6,43,60,9.6,82.3,92.4,,91,0.248,,29.8,1,2.4,,,,,
1.7,0.215,14.4,86.6,45.3,,25.7,0.243,8.6,94.8,24.8,0.423,,,0.176,5,10.5,0.162,75,13.2,45.3,76.4,72.3,44.2,,83.5,15.8,46.1,192,,1,29.9,49.9,1,59.4,16.1,95.6,0.024,15.6,97.8,0.35,,5.5,70.9,,2.8,0.135,23.6,77.5,0.031,4.9,91.3,0.01,30.1,73.9,0.02,,,55,,,,5.5,72.5,,,4.8,68.1,63.1,,,59.1,,,,19.4,79.4,,54.6,82.7,0.232,76.5,51.7,,50,,59.2,20.6,76.7,53.1,Final_2012.csv,79.7,,91.4,85.7,18.3,,72.1,5.6,0.715,64.4,67.7,79.8,10.5,96.7,96.2,,96.8,0.262,,33.9,1,3.2,,,,,
1.7,0.216,27.4,93,52.9,,15.9,0.383,19.8,85.3,38.5,0.383,,,0.199,10.9,4.1,0.169,63.3,14,41.6,67.9,66.9,52.5,,62.1,18.7,20.8,272,,1,32.7,48.3,1,51.2,9.2,98.9,0.033,18.7,98.5,0.278,,21.4,67.7,,8.6,0.105,13.6,86.9,0.032,11,97.5,0.001,16.8,50.2,0.035,,,54.3,,,,16.1,79.2,,,9.3,49.3,45.7,,,51.8,,,,14,82.2,,52.6,20.7,0.294,84,54,,50.2,,51.1,18.8,49.6,45.4,Final_2012.csv,84.8,,97.5,86,39.5,,79.3,7.4,0.584,22.2,49.2,82.4,8.2,68.9,97,,96.9,0.288,,33.5,1,5.6,,,,,
4.1,0.116,44.5,28,44.9,,17.3,0.067,26.6,80.2,6.2,0.491,,,0.134,24.2,64.5,0.136,78.2,12.1,31.4,36.6,37.3,49.3,,25.7,6.8,35.1,809,,1,41.4,30,1,46.9,14.1,96.2,0.123,6.8,96.1,0.253,,46.6,56.9,,10.2,0.18,23.8,80.4,0.078,24.2,70.6,0.002,20.2,74.5,0.125,,,57.6,,,,13,21,,,3.4,36.1,31.3,,,90.3,,,,5.1,17.9,,37.6,45.1,0.237,40.9,18.7,,88.6,,46.9,22.9,51.8,24,Final_2012.csv,63.7,,70.6,84.8,24,,20.9,5.3,0.854,78.7,36.1,17.9,23.7,93.1,64.3,,63,0.205,,8.2,1,4.4,,,,,
1.3,0.101,27.4,34.6,83,,22.9,0.446,18.4,97.7,45.1,0.566,,,0.106,57,46,0.163,80.3,21.9,71,63.1,61.2,70.5,,54.1,35.9,50.8,525,,1,65.6,42.2,1,85.3,33.4,99.8,0.065,35.9,98.9,0.385,,19.7,73.4,,9.5,0.134,10.5,80,0.024,56.9,98.4,0.002,16.5,94.9,0.046,,,41.4,,,,50.3,16.9,,,8.5,92.8,76.1,,,92.1,,,,21.4,88.1,,49.2,77.3,0.224,66.3,48.4,,92.4,,85.4,66.2,6.7,17.4,Final_2012.csv,95,,98.4,96.1,36.2,,17.1,13.9,0.528,82.8,92.8,88,44.7,98.4,86.3,,88.7,0.211,,16.2,1,2.5,,,,,
5.1,0.102,71.2,51.1,77.3,,37.6,0.395,29.8,85.6,41.1,0.465,,,0.117,53.1,32.9,0.188,80.1,16.2,57.7,33.1,39.2,72,,64.2,12.9,47,877,,1,65.1,13.2,1,76.1,26.3,96.9,0.128,12.9,98.8,0.277,,5,47.7,,18.8,0.222,14.9,89,0.074,53.1,77.9,0.005,13.1,89.4,0.104,,,78.2,,,,35.5,19.6,,,18.2,44.9,33.1,,,80.9,,,,12.4,31.8,,39.1,66.6,0.218,32.6,57.6,,72.1,,76.1,33.4,24,17.3,Final_2012.csv,68,,77.9,81.7,23,,19.6,2.5,0.526,67.1,44.9,31.8,44,93.1,59.2,,64.5,0.179,,43.2,1,7.3,,,,,
2.7,0.173,25.5,,,,50,0.265,14.1,,28.7,0.538,,,0.204,37.4,,0.078,,19.3,,71.5,63.5,,,45.2,35.7,44.6,,,1,,43.4,1,77,21.3,98.7,0.008,36,92.5,0.422,,28.9,76.1,,23,0.06,23,,0.038,36.9,97.6,0.013,22.4,62.2,0.011,,,67.7,,,,8.1,31.3,,,,81.6,72.9,,,,,,,18.7,95.1,,43.6,77,0.219,90.5,74.3,,,,77.2,20.9,14.7,,Final_2012.csv,96.6,,97.5,97.8,47.9,,30.9,8.8,0.684,,81.9,95,,84.5,98.5,,97.4,0.289,,40,1,,,,,,
0.6,0.185,23.1,49.3,66.1,,14.2,0.282,18.5,98.5,29,0.404,,,0.204,78.1,65.1,0.101,81.7,17.3,69.7,38.6,29.4,68.9,,47.7,20.9,68,630,,1,62.2,43.3,1,74.8,39.5,97.9,0.105,20.6,92.1,0.239,,19.1,48.9,,13.9,0.094,18.2,50.1,0.014,77.4,96.4,0.003,21.5,76.6,0.079,,,44.3,,,,20.6,6.1,,,17.7,92.7,87.8,,,92.5,,,,12,35.6,,46.1,92,0.306,39.5,27.8,,90.5,,74.3,48.1,7.9,32.2,Final_2012.csv,74.2,,96.5,76.4,14,,6.1,12.2,0.701,80.8,92.6,36.6,18.3,88.9,58.6,,68,0.282,,16,1,39.8,,,,,
0.6,0.156,22,82.6,20,,52.7,0.032,18,95,3,0.394,,,0.202,2,26.5,0.192,63.6,12.9,92,47.5,36.7,50,,68.8,8.1,66.1,102,,1,33,42.4,1,54.2,25,97.4,0.055,8,99.1,0.247,,70.3,56.3,,19.5,0.174,27.9,83.7,0.015,2,85,0.001,28.4,88.6,0.031,,,88.3,,,,15,19.4,,,3.9,60.5,46.3,,,39.8,,,,10.2,85.5,,41.2,81.6,0.277,39,31.6,,28.8,,54.4,14.3,80.8,17,Final_2012.csv,79,,85,88.3,17.2,,19.1,7.3,0.952,48.5,60.4,85.1,5.9,96.5,86.2,,92.3,0.27,,27.3,1,8.8,,,,,
6.4,0.098,68,15.6,58.5,,6.1,0.475,29.4,94.2,48.5,0.384,,,0.102,34.1,,0.231,78.3,18.3,66.9,29.2,30.6,52.5,,33.8,8.9,33.9,1888,,1,43.7,15.1,1,71.2,17.5,95.8,0.185,8.9,94.3,0.195,,11.5,44.8,,9.5,0.274,13.7,88.4,0.089,34.1,48.3,0.023,11.8,85,0.151,,,39,,,,32.4,31.5,,,,29.9,37,,,,,,,6.5,27.5,,38.6,74.9,0.232,25.5,54,,,,71.2,22.9,27.3,,Final_2012.csv,51.1,,48.3,61.5,38.6,,31.5,5.2,0.413,81.3,29.9,27.5,,87.3,57.5,,62.9,0.148,,39,1,,,,,,
1.8,0.098,38.6,23.2,56.9,,11.7,0.349,12.2,94.1,36.6,0.538,,,0.113,59.3,,0.158,89.1,29.1,65,49.7,51.9,64.4,,29.5,20.5,27.8,287,,1,52.9,29.3,1,77.3,18.4,97.3,0.092,20.5,91,0.354,,17,63.3,,11.1,0.17,10.4,84.9,0.029,59.3,89.1,0.006,18.5,49.2,0.081,,,31.5,,,,25,24.1,,,,69,55.9,,,,,,,13.6,68.7,,48.3,65.3,0.211,45.4,37.9,,,,77.3,25,10.3,,Final_2012.csv,77.6,,89.1,83.9,30.4,,24.1,13.5,0.615,71,69,68.7,,89.4,74.5,,77.6,0.184,,34.4,1,,,,,,
3.3,0.131,37.2,33.2,44,,19.8,0.065,28.3,90.2,6.9,0.488,,,0.142,24.5,,0.153,67.4,10.8,54.3,43.9,36.9,58.8,,39,11.8,38.8,408,,1,44,36.8,1,63.3,23.3,95.4,0.086,11.8,93.8,0.278,,73,59.6,,10.4,0.186,23.1,78.3,0.054,24.5,79.7,0.018,22.2,53,0.054,,,29.2,,,,24,23,,,,44.4,47.8,,,,,,,6.3,53.5,,37.8,54.4,0.285,33.5,26.2,,,,63.3,17,51.2,,Final_2012.csv,78.4,,79.7,91.5,24.4,,23,3.9,0.863,71.9,44.4,53.6,,93.9,77.4,,84.1,0.197,,9.1,1,,,,,,
,0.121,46.6,53.1,60.3,62.1,,0.305,25.9,89.7,30.5,,,25.9,,,42.6,0.16,73.5,18.7,64.5,,,68.6,,,21.5,,15682,,1,61.9,29.9,1,79.8,,,0.131,,,0.252,25.1,,,,,0.18,14.4,77.4,0.049,49.2,,0.01,14.4,,0.103,,27.6,,,0.456,,,20.6,43.2,,20,57.7,,,,,,54.7,,,,,41,,0.275,,,37.1,,,,37.7,,28,Final2016.csv,,,83.6,88.8,,47.8,,9.2,0.637,74,,53.5,75.4,,,,,0.189,,,1,8.1,,87.1,,73,0.131
,,37.4,58.6,49.5,64.2,,,31.1,70,34.2,,,37.2,,,70.5,,70.6,17.1,54.2,,,82.9,3.6,,23.5,,380,,,72.8,35,,81.1,,,,,,,22.7,,,,,,15.6,58.5,,71.1,,,17.2,,,,48.1,,,,,,13.4,50.4,,17.4,84.3,,,,,,59.2,,,,,36.3,,,,,36.2,,,,38.7,,36.1,Final2016.csv,,,98.1,96.1,,55.1,,10.4,,56.6,,64.1,94.7,,,,,,,,,9.5,,99.5,,77.8,
,0.23,51.4,71.1,50,33.5,,0.286,32,56,29.5,,,19,,,8.5,0.238,84.3,13,68.5,,,49.3,2.2,,21.7,,212,,1,35.8,27.3,1,55.6,,,0.052,,,0.224,11.8,,,,,0.089,18.4,82.9,0.029,13.8,,0.001,15.2,,0.037,,31.6,,,0.294,,,44.9,55.5,,12.3,65.6,,,,,,27.2,,,,,36.6,,0.397,,,27.1,,,,33,,40.7,Final2016.csv,,,90.3,93.1,,25.5,,6.2,0.684,50.7,,82.7,34.6,,,,,0.252,,,1,1,,50.5,,68,0.186
,0.183,38.2,35.2,32.4,58.5,,0.216,30.1,86.7,22,,,13.6,,,34.6,0.154,73.6,15.6,68.8,,,61.7,4.1,,16,,701,,1,54.2,40,1,69.6,,,0.145,,,0.149,17.2,,,,,0.194,15.3,54,0.045,22,,0.018,13.7,,0.124,,26.5,,,0.359,,,19.1,28.6,,1.2,43.1,,,,,,53.4,,,,,39.1,,0.297,,,30.3,,,,23.8,,44.6,Final2016.csv,,,76.3,88.8,,38,,8.1,0.721,66.7,,64.6,59.3,,,,,0.235,,,1,0.3,,70.8,,63.6,0.159
,0.106,58.7,11.7,50.3,60.3,,0.12,32.2,87.2,12.9,,,32.6,,,32.8,0.167,65.8,17.7,47.5,,,70.6,4.4,,13.9,,1111,,1,60.8,20.8,1,84.8,,,0.185,,,0.349,20.7,,,,,0.175,13.1,83.2,0.041,43.2,,0.013,13.7,,0.136,,27.1,,,0.439,,,15.8,62.3,,7.1,22.8,,,,,,54.4,,,,,37,,0.194,,,32.1,,,,21,,0.5,Final2016.csv,,,69.5,83.3,,42,,6.8,0.825,89.5,,33.3,69.3,,,,,0.146,,,1,0.8,,76.5,,75.1,0.103
,0.091,43.5,55.2,62.4,75.9,,0.19,24,94.7,19.9,,,23,,,24.5,0.175,67.9,17.1,67.2,,,78.1,3.7,,16.5,,473,,1,70.2,29.2,1,71.7,,,0.101,,,0.19,28.1,,,,,0.241,20.4,84.4,0.055,25.7,,0.001,21.4,,0.071,,20,,,0.511,,,18,28.1,,1.5,62.8,,,,,,56,,,,,38.6,,0.312,,,34.9,,,,40.6,,41,Final2016.csv,,,93.6,85.1,,55.9,,5.9,0.754,85,,53.6,86,,,,,0.186,,,1,0.2,,80.1,,73.5,0.123
,0.119,36.1,81.6,94.2,53.3,,0.113,18.6,91.9,10.2,,,16.1,,,42.3,0.133,90.5,20.3,79.4,,,82.9,4.9,,26.5,,644,,1,81.1,37.1,1,72.4,,,0.092,,,0.181,23,,,,,0.197,13.8,82.1,0.049,42.9,,0.001,17.2,,0.102,,19.6,,,0.492,,,34.9,34.8,,75.2,75.1,,,,,,50.1,,,,,47.3,,0.304,,,34.1,,,,55.1,,12.3,Final2016.csv,,,95.8,94.9,,53,,9.5,0.837,84.6,,68.6,87.8,,,,,0.215,,,1,31.5,,95.4,,76.6,0.164
,0.094,31.5,52.6,91.6,46,,0.543,13.2,82,55.7,,,48.9,,,40.9,0.098,77.5,33.9,84.3,,,85.5,3.4,,39.5,,593,,1,82.3,37.9,1,89.8,,,0.061,,,0.435,46.1,,,,,0.102,8.9,89.6,0.03,75.2,,0.006,14.8,,0.051,,54.7,,,0.614,,,17.6,65.4,,10.6,85,,,,,,38.6,,,,,44,,0.195,,,55.9,,,,57.8,,15.3,Final2016.csv,,,96.4,77.3,,68.3,,15.8,0.42,75.8,,90.9,83.2,,,,,0.216,,,1,2.4,,92.5,,83.7,0.133
,0.076,10.6,61.5,57.4,73.9,,0.356,4.2,97.5,38.5,,,53.7,,,32.5,0.093,81.5,38.5,81.9,,,84,0.4,,45.5,,283,,1,79.5,45.7,1,93.2,,,0.025,,,0.433,47,,,,,0.078,8.4,82,0.008,72.2,,0,13,,0.013,,57.4,,,0.667,,,26.8,59.2,,7.8,92.6,,,,,,71,,,,,49,,0.233,,,63.2,,,,30.7,,80.8,Final2016.csv,,,99.2,98.2,,70.5,,30.7,0.635,84.7,,89.1,94.6,,,,,0.244,,,1,1.8,,98.9,,87.9,0.139
,0.205,45.3,,,,,0.336,19.5,,,,,,,,,0.154,,20.7,,,,,,,22.3,,,,1,,33.5,1,85.9,,,0.064,,,0.248,,,,,,0.116,8.1,,0.037,47.6,,0.027,9.6,,0.055,,,,,0.36,,,38.8,,,,59.4,,,,,,,,,,,51.7,,0.33,,,40.9,,,,21,,,Final2016.csv,,,93.6,77.3,,,,11.6,0.601,,,58.9,,,,,,0.25,,,1,,,,,,0.217
,0.129,59,22.4,33,78.1,,0.171,33.7,88.4,17.4,,,23.5,,,49.7,0.212,82.2,12.4,33.3,,,62.8,5.7,,12.4,,576,,1,61.4,23,1,64.1,,,0.175,,,0.234,16.4,,,,,0.24,14,83.9,0.054,20.4,,0.009,13.8,,0.126,,20.4,,,0.37,,,16.3,42.7,,4.3,25.9,,,,,,71.7,,,,,39.9,,0.243,,,26.6,,,,23,,19.7,Final2016.csv,,,71.2,78.6,,36.4,,4.2,0.766,81.5,,21.5,81.1,,,,,0.158,,,1,1.1,,80.7,,67.8,0.115
,0.177,33,72.8,81.2,77.9,,0.28,29.9,95.1,27.4,,,19.7,,,50.4,0.132,84.7,18.1,73,,,63.1,2.1,,20.4,,808,,1,59.3,43.2,1,86.5,,,0.135,,,0.214,19.8,,,,,0.111,13.9,80.6,0.022,39.8,,0.002,13.6,,0.097,,29,,,0.404,,,4.8,42.1,,45,82,,,,,,44.1,,,,,38.1,,0.326,,,37.2,,,,46.4,,25.7,Final2016.csv,,,96.4,90,,42.1,,10.2,0.696,75.3,,56.8,91.6,,,,,0.253,,,1,14.6,,98.8,,70.1,0.152
,0.127,1.3,91.7,79.3,13,,0.547,1.6,98.1,54.8,,,38.6,,,81.4,0.09,93.2,28.7,81.7,,,82,0.1,,47.6,,328,,1,78.8,54.6,1,96,,,0.045,,,0.357,45.5,,,,,0.071,6.9,95.2,0.003,83.8,,0.002,3.7,,0.04,,45.6,,,0.615,,,39.6,53,,89,89.5,,,,,,10.9,,,,,62.8,,0.326,,,61.6,,,,48.7,,20.7,Final2016.csv,,,97.8,98.6,,69.2,,40.4,0.449,80.5,,97.8,93.6,,,,,0.206,,,1,69.9,,94.1,,85.3,0.124
,0.111,56,51.5,39.7,78.2,,0.235,31,85.7,24.7,,,19.4,,,40,0.214,64.2,14.1,66.4,,,58.5,8.5,,13,,1458,,1,45.9,22.2,1,71.5,,,0.146,,,0.2,16.6,,,,,0.241,16.7,67.9,0.078,25.1,,0.001,18.1,,0.123,,13.8,,,0.407,,,24.2,33.4,,2.5,47.6,,,,,,71.1,,,,,38.3,,0.285,,,27.7,,,,37.7,,31.7,Final2016.csv,,,84,80.8,,38.7,,3.6,0.686,73,,45.6,79.5,,,,,0.152,,,1,0.3,,88.4,,64.3,0.123
,0.1,20.4,77.1,74.4,50.3,,0.439,11.8,95.6,38.3,,,20.3,,,45.9,0.117,80.5,28.2,89.9,,,67.9,1.9,,30.4,,781,,1,62.4,50.1,1,84.7,,,0.087,,,0.184,40.7,,,,,0.181,14.2,36.6,0.017,48.7,,0.002,13.7,,0.072,,23.9,,,0.548,,,24.2,31.5,,55.1,74.8,,,,,,45.9,,,,,45.8,,0.36,,,44.5,,,,44.8,,25.8,Final2016.csv,,,93.1,90.7,,62.5,,15.7,0.542,67.1,,62.1,83.7,,,,,0.202,,,1,17.8,,94.5,,75.8,0.148
,0.164,29.7,93,9.5,44,,0.712,15.1,51.5,71.7,,,52.5,,,3.3,0.219,22.5,28.8,46.5,,,43.8,2.1,,33.8,,180,,1,24.5,40.6,1,80.7,,,0.05,,,0.325,32.2,,,,,0.082,8.8,76.6,0.019,13.6,,0.001,11.8,,0.039,,59.7,,,0.432,,,42.3,78.6,,15,62.3,,,,,,41.3,,,,,47.3,,0.342,,,46.6,,,,27.5,,58.1,Final2016.csv,,,94.2,83.8,,70.7,,17.9,0.268,15.3,,96.8,11.7,,,,,0.212,,,1,4.4,,49.4,,91.4,0.135
,0.207,38.3,49.6,6.8,60.3,,0.543,41,86.7,55.2,,,10.7,,,22.5,0.199,90.5,8,55.7,,,51.9,2.6,,13.3,,129,,1,38.5,29,1,52.3,,,0.083,,,0.096,19.3,,,,,0.134,19.1,44.3,0.04,14.8,,0.013,26.7,,0.081,,22.2,,,0.32,,,70.8,31.4,,1.7,44.7,,,,,,59.3,,,,,32,,0.465,,,19.4,,,,12.9,,69.9,Final2016.csv,,,83.5,82.2,,47.9,,6,0.403,19.8,,79.6,28.7,,,,,0.224,,,1,0.9,,47.9,,85.8,0.192
,0.214,15,68.7,26.7,27.7,,0.309,9.2,93.6,30.9,,,27.7,,,3.6,0.185,74.3,15.8,55.8,,,40,2.6,,17.6,,222,,1,25.3,48.2,1,68.7,,,0.073,,,0.26,10.3,,,,,0.11,23.9,81.9,0.032,5.4,,0.016,28.8,,0.06,,36.9,,,0.35,,,87.1,76.5,,5,75.7,,,,,,27.8,,,,,51.1,,0.275,,,28,,,,28.1,,57.3,Final2016.csv,,,96.1,92.5,,46,,8.1,0.643,64.7,,86.5,9.1,,,,,0.295,,,1,0.9,,91.7,,83.5,0.179
,0.261,26.1,97.1,40.8,11.9,,0.417,20.3,84,42.4,,,21.2,,,8,0.156,57.5,14.9,53.8,,,50,1.7,,22.1,,300,,1,40.9,49.3,1,69.1,,,0.08,,,0.201,15.5,,,,,0.099,13.9,86.9,0.033,7.4,,0,17,,0.074,,42.7,,,0.346,,,77.3,65.7,,14.6,52.7,,,,,,10.7,,,,,50.9,,0.359,,,23.6,,,,18,,52.9,Final2016.csv,,,96.2,87.2,,50.1,,7.6,0.55,22.6,,91.6,17.4,,,,,0.267,,,1,3.1,,24.6,,88,0.158
,0.131,38.1,50.3,47.4,80.1,,0.091,25.1,87.8,8.9,,,26.6,,,61,0.128,72.8,14.9,29.2,,,75.5,3.7,,13.8,,840,,1,65.8,36.8,1,63.9,,,0.094,,,0.258,35.4,,,,,0.162,18,79.9,0.045,29.9,,0,18.2,,0.082,,33.9,,,0.517,,,20.3,39.6,,15.5,48.7,,,,,,71,,,,,41.9,,0.267,,,28.9,,,,31.4,,30.8,Final2016.csv,,,81,91.8,,51.6,,7,0.864,77.7,,37.9,82.1,,,,,0.231,,,1,6.4,,98.1,,72.6,0.129
,0.107,23.2,67.8,91.9,55.4,,0.498,15.7,96.9,51.6,,,47.9,,,49.4,0.114,65,27,68.8,,,80.1,1.2,,45.5,,546,,1,75.4,41.9,1,90.6,,,0.062,,,0.377,35.1,,,,,0.102,10,81.1,0.019,76.2,,0.001,13.9,,0.034,,48.8,,,0.597,,,15.2,58,,8.9,94.8,,,,,,50.2,,,,,47.4,,0.258,,,54.3,,,,74,,32.7,Final2016.csv,,,99.3,98.3,,69.2,,21,0.482,81.9,,93.3,91.8,,,,,0.229,,,1,3.2,,95.2,,86.3,0.12
,0.091,67.9,65.2,82.4,73.5,,0.377,29.2,90.8,39.2,,,28.2,,,40.2,0.15,78.4,16.7,64.6,,,83.2,9.7,,22.6,,919,,1,79.8,15.3,1,82.9,,,0.124,,,0.295,23.7,,,,,0.189,13.9,91.9,0.069,65,,0.004,13.3,,0.104,,21.5,,,0.517,,,19.7,46.7,,34.9,52.4,,,,,,63.9,,,,,40.2,,0.238,,,34.7,,,,46.4,,19.5,Final2016.csv,,,84.8,90.2,,54.2,,3.5,0.551,70.1,,54.4,86,,,,,0.173,,,1,10.5,,91.8,,80.9,0.117
,0.199,22.3,98.7,38.8,28.9,,0.239,14.7,97.6,,,,,,,40.2,0.083,58.3,13.2,85.2,,,77.4,,,46.2,,84,,1,75,41.6,1,84.7,,,0.042,,,0.271,,,,,,0.065,31.2,89,0.032,48.1,,0,26.9,,0.041,,,,,0.497,,,38.2,,,39,79.8,,,,,,26,,,,,41,,0.274,,,44.3,,,,8.2,,39.8,Final2016.csv,,,98,84.9,,,,9.2,0.729,71.1,,96.1,57.3,,,,,0.349,,,1,18.3,,86.8,,,0.18
,0.154,18.7,52,72.9,71.1,,0.315,16.5,97.9,32.7,,,21.4,,,60.6,0.102,82.1,18.6,71.2,,,79.3,0.6,,29.8,,708,,1,76.2,48.7,1,86.3,,,0.097,,,0.272,17.7,,,,,0.078,14.6,54.6,0.01,84.6,,0.002,15.2,,0.065,,24.8,,,0.475,,,7.1,44.8,,57.5,93.6,,,,,,64.4,,,,,50.4,,0.323,,,39.3,,,,61,,36.7,Final2016.csv,,,97.9,96.8,,45.2,,17.4,0.674,82.4,,53.1,84.3,,,,,0.263,,,1,33.1,,99.2,,71,0.172
,0.174,18.3,85.2,39.5,42.2,,0.097,12.9,99.1,9.7,,,19.9,,,39.1,0.166,52.9,14.3,81.7,,,65.8,1.4,,21.3,,111,,1,40,52.4,1,78.3,,,0.056,,,0.179,28,,,,,0.172,22.3,92.5,0.018,13,,0.003,21.3,,0.047,,36,,,0.447,,,35.2,32.6,,10.1,69.6,,,,,,20.4,,,,,50.5,,0.323,,,28,,,,23.2,,24.6,Final2016.csv,,,91.9,94.4,,51,,8,0.882,59.1,,90.5,50,,,,,0.279,,,1,1.8,,98.2,,75,0.158
,0.1,63.4,30.8,66.9,62.8,,0.514,30.5,96.5,52.1,,,22.6,,,42.8,0.213,73.8,19.5,66.4,,,54.8,9.9,,16.3,,1966,,1,51.5,18.1,1,79.9,,,0.176,,,0.208,22.5,,,,,0.252,11.5,87.8,0.078,57.4,,0.023,10.5,,0.142,,23.2,,,0.394,,,26.8,37.4,,2.7,34.2,,,,,,57.7,,,,,38.4,,0.254,,,42.2,,,,32.8,,12.4,Final2016.csv,,,57,77.2,,43.2,,8,0.385,82,,34.6,71.5,,,,,0.145,,,1,0.6,,91.2,,67.9,0.117
,0.099,33.2,29.2,56.7,77.6,,0.385,13.8,95.6,41.6,,,37,,,41.3,0.133,78.7,32.2,63.5,,,74.9,1.9,,33.8,,324,,1,61.3,33.7,1,82.7,,,0.079,,,0.278,38.5,,,,,0.155,9.2,88.1,0.024,73.1,,0.01,15.1,,0.066,,36.7,,,0.556,,,21.8,46,,9.6,76.6,,,,,,75,,,,,44.8,,0.288,,,52.3,,,,31.9,,75,Final2016.csv,,,94,94.9,,63.7,,18,0.582,72.1,,81.8,87,,,,,0.213,,,1,2.5,,95,,81.3,0.133
,0.145,30.8,52.2,56.5,43.8,,0.087,26.4,93.2,9.3,,,29,,,46.2,0.149,63.1,11.9,56.1,,,76.9,1.8,,20.3,,446,,1,63,41.6,1,76.6,,,0.094,,,0.23,38.8,,,,,0.187,22.1,86.1,0.041,30.8,,0.023,21.2,,0.079,,39.6,,,0.47,,,23.8,31.7,,4.1,54.8,,,,,,44,,,,,39.6,,0.337,,,30.1,,,,23.9,,23.3,Final2016.csv,,,91.9,91.7,,50.2,,6.4,0.849,78.4,,66.2,58.3,,,,,0.166,,,1,1.1,,67.4,,72.1,0.142
,,50.2,60.2,69.3,52.1,,,35.7,80.8,40.4,,,30.4,,,58.6,,73,18.3,78,,,74.7,4.7,,22.2,,265,,,64.2,29.1,,85.9,,,,,,,18.6,,,,,,10.9,84.2,,69,,,10.1,,,,42.2,,,,,,8.6,55.1,,12.2,81.2,,,,,,43.5,,,,,35.1,,,,,38.7,,,,41.5,,26.8,Final2016.csv,,,97.9,94.5,,47.1,,10.7,,56.6,,61.9,86.6,,,,,,,,,4.6,,98.9,,75.8,
,0.123,42.7,57.8,64.4,62.4,,0.304,23.8,91,30.9,,,27.8,,,36.9,0.148,72.9,20.4,66.5,,,74.2,4.1,,22.9,,15998,,1,,31.6,1,90.2,,,0.11,,,0.265,27.2,,,,,0.173,14.2,77.2,0.049,55.1,,0.007,14.7,,0.08,,28.1,,,0.481,,,6.6,44,13.5,21.3,62.6,,,,,,53.9,,,,,41.7,,0.292,,,39.5,,,,45.2,,29.4,Final2018.csv,,,90.9,90.4,,50.3,,11,0.641,74.8,,71.5,74.2,,,,,0.19,,,1,6.5,,87.1,,72.8,0.137
,,30.3,61.5,55.1,61.9,,,27.4,72.9,35.2,,,39.3,,,54.8,,70,19.8,61.9,,,86.4,2.9,,26.8,,379,,,,38.7,,92.1,,,,,,,22.4,,,,,,14.8,58.6,,73.6,,,17.1,,,,38.4,,,,,,6.6,47.6,9.7,22.6,87.3,,,,,,57.6,,,,,38.1,,,,,40.4,,,,48,,38.6,Final2018.csv,,,98.7,97.3,,59.7,,13.9,,58.1,,83.9,91,,,,,,,,,6.6,,96,,78.2,
,0.207,51.4,74.2,51.4,37.3,,0.318,30.5,57.4,35.2,,,27.3,,,4.4,0.249,65.3,17.3,55.4,,,50,2.9,,22.3,,159,,1,,26.7,1,79.9,,,0.057,,,0.229,18.8,,,,,0.093,15.7,86.6,0.054,18.7,,0.007,14.3,,0.042,,33.9,,,0.346,,,8.8,50.1,8.6,7.7,64.5,,,,,,27.2,,,,,36.5,,0.385,,,32.4,,,,35.8,,49,Final2018.csv,,,86.8,82.3,,37.1,,7.7,0.621,44.7,,87.2,24.1,,,,,0.251,,,1,1.3,,36.2,,70.5,0.141
,0.175,33.8,47.4,59.5,52.2,,0.242,27,92.2,24.8,,,17.8,,,38.8,0.149,68.5,17,61,,,21.2,2.6,,18.1,,714,,1,,41.8,1,82.7,,,0.08,,,0.187,19.9,,,,,0.19,15.8,63.1,0.043,28.3,,0.013,15.2,,0.064,,29.7,,,0.394,,,8.1,31.2,9.6,6.5,47.6,,,,,,46.5,,,,,40.2,,0.303,,,31.7,,,,28.6,,41,Final2018.csv,,,84.2,86.8,,40.1,,9.2,0.702,68,,73.6,73.1,,,,,0.256,,,1,1.6,,64,,60.8,0.202
,0.101,57.2,19.7,55.7,66.5,,0.155,32.2,91.6,16.9,,,29.9,,,27.5,0.166,59.6,18.1,51.1,,,75.6,4.2,,17.6,,1100,,1,,22.1,1,93.2,,,0.178,,,0.337,23.5,,,,,0.186,12.4,83.7,0.058,49.2,,0.01,13.1,,0.115,,28.4,,,0.449,,,6.5,56.9,9.8,3.4,32.6,,,,,,55.3,,,,,37.3,,0.22,,,36.1,,,,27.9,,1.3,Final2018.csv,,,91.3,88.8,,41.3,,7.7,0.777,89.7,,57.2,59.1,,,,,0.142,,,1,0.6,,84.5,,71.2,0.105
,0.095,39.2,56.6,71.8,71.3,,0.189,20.9,97,20,,,26.9,,,23.8,0.154,71.8,18.4,68.8,,,85.7,5.6,,17.3,,468,,1,,32.3,1,88.4,,,0.093,,,0.203,29.8,,,,,0.216,21,82.8,0.071,34.7,,0,21.5,,0.066,,19.3,,,0.546,,,8.6,31.1,21.2,2.4,66.3,,,,,,53.3,,,,,39.7,,0.333,,,36.9,,,,46,,40.2,Final2018.csv,,,96.4,90.4,,59.5,,7,0.74,82.5,,87.1,89.7,,,,,0.182,,,1,0.4,,91.7,,78.7,0.111
,0.124,32.9,83.5,96.3,50.9,,0.135,16,90.4,12.4,,,20.1,,,40.5,0.114,86.3,21.8,82.6,,,91.3,3.6,,28.3,,644,,1,,39.3,1,89.5,,,0.066,,,0.226,33.1,,,,,0.18,13.6,78,0.048,47.9,,0.001,17.4,,0.067,,25.6,,,0.528,,,6.1,35.6,24.9,66.9,76.3,,,,,,45.4,,,,,48.6,,0.285,,,37.6,,,,55.1,,12.8,Final2018.csv,,,96.7,97.4,,53.7,,10.4,0.817,88,,79.5,85.3,,,,,0.243,,,1,24,,94.1,,73.2,0.168
,0.103,28.5,76.3,90.8,41.5,,0.536,11.9,88.2,55.3,,,50.9,,,39.1,0.083,79.2,37.6,83.4,,,90.8,2.3,,41.2,,613,,1,,37.4,1,96.5,,,0.046,,,0.438,46.2,,,,,0.094,9.4,88.3,0.028,75.9,,0.004,14.3,,0.033,,53.7,,,0.632,,,9,63.2,6.8,18.3,85.4,,,,,,37.8,,,,,41.1,,0.228,,,58.5,,,,65.2,,17.6,Final2018.csv,,,97.4,80.7,,69.1,,19.9,0.432,82,,94.2,84,,,,,0.208,,,1,5.1,,85.3,,81.2,0.136
,0.084,8.5,56.8,63.6,81.1,,0.377,3.7,99.3,40.7,,,56.6,,,24.3,0.085,78.9,40.9,81.7,,,94.2,0.5,,41.4,,293,,1,,44.4,1,98.4,,,0.028,,,0.436,47.8,,,,,0.073,8.8,79.8,0.008,69,,0.001,11.7,,0.016,,50.2,,,0.693,,,7.8,61,2,6.6,93.2,,,,,,74.3,,,,,46.6,,0.245,,,63,,,,32.7,,83.1,Final2018.csv,,,99.4,96.6,,76.9,,35.4,0.615,89.4,,92.3,97.3,,,,,0.23,,,1,2.1,,93.1,,89.9,0.11
,0.213,58,92.6,38.7,61.3,,0.369,26.3,86.3,40.1,,,25,,,26.6,0.145,43.8,23.7,54.7,,,73,2.4,,24.7,,376,,1,,24.5,1,96,,,0.037,,,0.208,22.3,,,,,0.118,6.1,84.5,0.032,53.3,,0.003,6.3,,0.033,,36.2,,,0.41,,,6.7,32.9,12.5,17.2,57.1,,,,,,52.1,,,,,43.9,,0.362,,,44.2,,,,14.2,,52.4,Final2018.csv,,,94.5,76.3,,41.9,,11.1,0.596,54.6,,75.4,58.9,,,,,0.279,,,1,4.6,,77.3,,64.8,0.194
,0.132,56.9,28.3,34.8,78.1,,0.189,33,88.7,19,,,19,,,50.5,0.191,83.1,12.1,39.1,,,74.9,3.4,,10.8,,674,,1,,23.4,1,79.3,,,0.158,,,0.231,18.8,,,,,0.211,14.1,86.6,0.044,22.1,,0.003,14.5,,0.12,,22.5,,,0.377,,,4.1,44,11.2,6.6,30.7,,,,,,69.3,,,,,40.7,,0.266,,,25.2,,,,28,,18.9,Final2018.csv,,,81.3,77.4,,34.4,,5.2,0.763,82.6,,56.4,87.1,,,,,0.172,,,1,1.1,,79,,66.4,0.143
,0.166,27.3,79.4,84.7,83.6,,0.287,24.1,93,29.1,,,20.5,,,36.1,0.144,82.6,19.5,78.9,,,70.8,1.2,,18.9,,848,,1,,46.3,1,96.1,,,0.092,,,0.216,19.2,,,,,0.104,14.7,81.8,0.016,67.2,,0.003,14.2,,0.06,,26.3,,,0.433,,,3.5,39,7.8,41.8,85.6,,,,,,44.1,,,,,41.8,,0.389,,,39.7,,,,57.7,,26.3,Final2018.csv,,,97.9,93.9,,46,,12.2,0.694,76.8,,75.2,83,,,,,0.233,,,1,9.9,,97.5,,70.3,0.166
,0.128,0.5,94.6,80.2,17,,0.444,0.8,99.2,46.9,,,43.7,,,30.5,0.072,84.7,39.4,67.7,,,89.4,0.5,,66.6,,279,,1,,43.4,1,98.7,,,0.013,,,0.36,52.5,,,,,0.042,4.6,93.2,0.003,92.3,,0.053,2.3,,0.009,,47.9,,,0.691,,,17.6,51.8,0.6,75.4,90.7,,,,,,21,,,,,55.2,,0.349,,,68.3,,,,60.1,,24.1,Final2018.csv,,,99.3,97.2,,77.2,,53.8,0.499,52.9,,99.2,90,,,,,0.24,,,1,22.4,,96.1,,89.6,0.097
,0.107,52.5,49,44.7,82.6,,0.245,28.8,85.7,26.1,,,19.8,,,43.8,0.211,71.3,13.6,69.2,,,68.3,7.7,,12.8,,1451,,1,,24.2,1,84,,,0.135,,,0.213,17.6,,,,,0.239,16.9,70.7,0.076,30.8,,0.001,19.2,,0.109,,13.9,,,0.426,,,5.5,36.6,26.8,3.8,53.6,,,,,,75,,,,,40.7,,0.292,,,26.8,,,,41,,33.8,Final2018.csv,,,92.1,87.5,,41.6,,4.1,0.678,71,,72.2,84,,,,,0.147,,,1,0.7,,82.9,,64.4,0.12
,0.097,17,77.6,74,49.8,,0.43,10.8,94.9,37.6,,,30.2,,,36.9,0.116,83.7,30.7,86.8,,,70.1,1.6,,30.8,,927,,1,,51.4,1,92,,,0.062,,,0.236,42,,,,,0.167,12.4,38.7,0.014,57.7,,0.001,13.6,,0.058,,27.2,,,0.576,,,11.4,40.5,5.1,64.6,78.8,,,,,,44.5,,,,,46.1,,0.339,,,47.5,,,,51.3,,26.4,Final2018.csv,,,95.5,90.3,,66.4,,18,0.555,70.9,,78.1,88.4,,,,,0.199,,,1,19,,94.7,,80.2,0.148
,0.159,25.3,92.9,14.4,43.9,,0.692,12.4,61.6,70.4,,,50.5,,,3.2,0.106,23.6,29.7,59.7,,,44.9,1.6,,26.1,,158,,1,,44.8,1,88.1,,,0.009,,,0.43,35.8,,,,,0.025,8.7,72.9,0.023,12.8,,0.003,12,,0.005,,58.5,,,0.559,,,11.5,72.5,5.4,9,66,,,,,,38.4,,,,,49.1,,0.315,,,43.9,,,,27.5,,63.6,Final2018.csv,,,96,94.7,,67.5,,18,0.282,6.5,,96.6,9,,,,,0.226,,,1,3.2,,46.4,,86.5,0.167
,0.189,40.3,45.2,12.7,77.3,,0.572,41.9,84.5,58.6,,,7.2,,,2.8,0.155,78.1,8.1,54.4,,,44.8,2,,12.4,,143,,1,,28.5,1,70.9,,,0.024,,,0.101,24.6,,,,,0.1,20.3,47.5,0.077,15.4,,0.004,25.9,,0.025,,19.2,,,0.435,,,19,28.1,9.2,2.1,45.9,,,,,,75.6,,,,,29.8,,0.508,,,20.8,,,,14.9,,69,Final2018.csv,,,87.9,87.8,,50.1,,5.2,0.347,15.5,,85.1,10.6,,,,,0.266,,,1,0.7,,47.9,,82.8,0.196
,0.179,9.2,75.4,35.5,2.2,,0.267,5.9,96.1,27.2,,,40.2,,,2.6,0.076,69.1,15.9,65.5,,,44.6,0.2,,20.5,,233,,1,,56.6,1,84.5,,,0.043,,,0.343,25.6,,,,,0.068,17.1,84.1,0.009,7.3,,0,25.2,,0.04,,58.9,,,0.491,,,11.9,71,3.7,9.9,78.9,,,,,,1.7,,,,,61.2,,0.22,,,26.9,,,,32.5,,84.1,Final2018.csv,,,96.2,81.1,,64.3,,9,0.724,57.4,,87.5,17.6,,,,,0.329,,,1,0.4,,89.2,,89.4,0.211
,0.231,27.7,97.6,36.4,11.4,,0.475,19.4,83,48.6,,,25.8,,,6.9,0.105,56.1,12.2,52.1,,,61.8,2.6,,20.1,,289,,1,,46.6,1,87.3,,,0.025,,,0.24,22.6,,,,,0.063,15.8,82.4,0.035,11.1,,0,19,,0.022,,36.9,,,0.435,,,11.1,51.3,6.4,13.2,57.8,,,,,,11.7,,,,,52.6,,0.383,,,24.6,,,,18.1,,61.3,Final2018.csv,,,96.6,86.4,,48,,6.7,0.49,27.3,,96.9,12.9,,,,,0.292,,,1,2.4,,27.4,,83.6,0.204
,0.136,35.2,55.8,50.5,78.9,,0.103,24.2,89.9,10.5,,,25.4,,,54,0.111,72.9,14.6,31.9,,,75.7,2.1,,12.7,,812,,1,,40.4,1,78.6,,,0.092,,,0.25,38.7,,,,,0.164,17.3,84.9,0.031,37.7,,0.001,17,,0.086,,30.9,,,0.536,,,4.8,42.5,12.3,18.7,55.4,,,,,,69.8,,,,,43.9,,0.302,,,29.8,,,,38,,31.3,Final2018.csv,,,88.6,90,,58.4,,7.3,0.865,82.9,,55.7,80.3,,,,,0.197,,,1,6.1,,98.8,,72.6,0.125
,0.102,21.3,76.1,92.6,58.5,,0.5,15.4,99.1,52.2,,,53,,,44.9,0.104,72.8,28.7,72,,,89.5,1.6,,44.6,,554,,1,,42,1,96.7,,,0.053,,,0.416,39.4,,,,,0.074,8.8,80.1,0.02,77.4,,0,14.1,,0.025,,49.7,,,0.648,,,5.7,62.4,6.2,21.5,94.6,,,,,,53.8,,,,,47,,0.257,,,56.4,,,,77.7,,38.2,Final2018.csv,,,99.4,97.3,,71.6,,22.6,0.48,82.7,,94.9,88.1,,,,,0.227,,,1,3.8,,93.4,,85.1,0.093
,0.099,64.5,67.2,84.6,72.9,,0.342,28.1,92.8,35.8,,,23.3,,,34.1,0.156,79.3,17.7,70.3,,,84.9,7.4,,20.9,,837,,1,,16.1,1,92.1,,,0.143,,,0.238,20.4,,,,,0.212,14.4,94.3,0.06,68,,0.003,15.2,,0.11,,17.3,,,0.477,,,5.3,41.6,20.1,38.6,54.2,,,,,,60.3,,,,,39.8,,0.274,,,35.2,,,,53,,17.7,Final2018.csv,,,88.3,92.1,,49.1,,4.2,0.594,72.8,,67.6,81.8,,,,,0.165,,,1,11.6,,95.1,,78.3,0.125
,0.166,19.3,99,35.9,23.8,,0.265,13.5,95.3,30.7,,,12.5,,,31.8,0.062,81.2,14.8,87.9,,,82.4,0.9,,43.7,,108,,1,,43.3,1,93.4,,,0.018,,,0.281,29.4,,,,,0.061,28.3,73.7,0.017,46.2,,0.001,25.3,,0.013,,41,,,0.537,,,27.1,44.6,5.1,33.6,81.4,,,,,,20.4,,,,,43.5,,0.314,,,43.6,,,,8.1,,53.3,Final2018.csv,,,98,90.7,,41.7,,12,0.717,74.5,,97.4,52.3,,,,,0.332,,,1,9.4,,78.5,,79,0.217
,0.174,14.2,59.9,75.6,64.1,,0.312,14,96.2,32.1,,,25.4,,,52.4,0.102,81.2,20.8,72.5,,,90.2,0.2,,30.6,,750,,1,,51.3,1,91.2,,,0.065,,,0.297,10.2,,,,,0.098,13.9,50.9,0.006,85.1,,0.002,13.6,,0.038,,26,,,0.457,,,4.6,50.2,1.4,57.9,93.2,,,,,,60.7,,,,,51.4,,0.313,,,43.1,,,,67.5,,39.6,Final2018.csv,,,98,96.5,,40.7,,20.9,0.68,80.2,,71,83.8,,,,,0.255,,,1,29.3,,98.7,,73.2,0.203
,0.167,14.7,82.2,31.6,53.5,,0.124,11.9,98.3,13.9,,,19.2,,,29.8,0.128,70.3,15.1,83.5,,,53,0.4,,16,,115,,1,,56.7,1,89.2,,,0.045,,,0.191,25.6,,,,,0.167,19.5,84.2,0.011,15.5,,0.006,20.8,,0.027,,34.8,,,0.464,,,4,30.7,1.2,4.4,68.6,,,,,,27.4,,,,,53.5,,0.362,,,29,,,,29.4,,28.7,Final2018.csv,,,95.2,86.5,,45,,7.9,0.858,45.6,,88,41.2,,,,,0.254,,,1,0.9,,96.5,,68.3,0.196
,0.097,57.2,33.3,72.4,62.2,,0.487,26.3,95.4,49.7,,,29.6,,,35.7,0.181,71.3,23.3,71.3,,,72.7,7.4,,18.8,,1998,,1,,20.5,1,91.7,,,0.143,,,0.26,28.1,,,,,0.218,11.2,86.3,0.084,62.6,,0.012,11.5,,0.102,,26.6,,,0.466,,,5.7,44.4,22.2,3.3,44.8,,,,,,58.9,,,,,39.3,,0.262,,,45.4,,,,42.2,,10.4,Final2018.csv,,,74.4,82.9,,52,,10.9,0.418,85.1,,57.7,63.1,,,,,0.159,,,1,0.7,,93.3,,73.7,0.113
,0.094,30.8,31.3,58.3,75.7,,0.395,13.4,98,42.7,,,37.5,,,26.1,0.11,81.8,31.9,68.6,,,85.8,2.2,,31.6,,296,,1,,34.7,1,93.3,,,0.059,,,0.304,34.5,,,,,0.133,9.6,90.7,0.027,76.9,,0.008,15.3,,0.046,,32.3,,,0.597,,,12.8,48.6,6.6,9.8,79.8,,,,,,71.7,,,,,45.1,,0.321,,,52.5,,,,36.4,,73.1,Final2018.csv,,,95.5,92.8,,64.3,,19.2,0.57,75.6,,89,84.8,,,,,0.196,,,1,0.7,,88.1,,83.8,0.139
,0.147,26.3,64.3,55.1,46.1,,0.07,23.4,94,7.9,,,29.7,,,38.4,0.132,54.8,12.8,52.8,,,81.1,1.3,,20.9,,441,,1,,43.1,1,87.8,,,0.077,,,0.233,40,,,,,0.184,23.8,81.5,0.041,39.9,,0.02,22.9,,0.052,,38.4,,,0.463,,,4.7,28.7,4.8,6.7,57,,,,,,38.9,,,,,40,,0.354,,,31.3,,,,38.5,,20.2,Final2018.csv,,,94.7,92,,50.7,,7.6,0.869,81.3,,76.2,66.1,,,,,0.177,,,1,1.2,,81.6,,61.8,0.181
,,43.3,66.4,71.4,60.5,,,33.3,86.4,41.8,,,27.1,,,55.7,,68.5,19.9,77,,,77,0.9,,22.1,,259,,,,32.5,,93.8,,,,,,,18,,,,,,9.9,80.7,,58.1,,,9.6,,,,34.3,,,,,,6.1,48.3,6.2,10.6,86.2,,,,,,49,,,,,36.9,,,,,41.4,,,,53.7,,34.8,Final2018.csv,,,98.9,96.2,,43.7,,14.6,,57.2,,80.2,77.7,,,,,,,,,3.1,,95.8,,69,
